osm_id,osm_type,lat,lon,ramp,kerb,wheelchair,highway
32945314,node,22.420459,114.074318,,,yes,
253288941,node,22.277386,114.1732833,,,yes,
256361587,node,22.254204,114.159447,,,yes,
257006964,node,22.24113,114.2192792,,,yes,
288372602,node,22.2804141,114.1505982,,lowered,,crossing
289867127,node,22.2803799,114.150725,,lowered,,crossing
291158245,node,22.4332,114.032385,,,yes,
291158246,node,22.44006,114.02403,,,yes,
297147649,node,22.4436774,114.1703146,,,yes,bus_stop
297147717,node,22.502382,114.237213,,,yes,
297188947,node,22.2772889,114.1730116,,,yes,
333383083,node,22.3348737,114.1572049,,,yes,
339266174,node,22.2839626,114.1469228,,,yes,
361384199,node,22.2955588,114.2687519,,,yes,
478654878,node,22.2810504,114.2192021,,lowered,,
489414265,node,22.3953565,113.9734402,,,yes,
490734866,node,22.448765,114.03207,,,yes,
519832997,node,22.3207086,114.1900897,,lowered,,crossing
558546664,node,22.4492616,114.165656,,lowered,,
571171838,node,22.3337973,114.1483059,,,yes,bus_stop
571174375,node,22.3350196,114.1476558,,,yes,bus_stop
582596617,node,22.438561,114.026291,,,yes,
624015090,node,22.277933,114.209435,,,yes,
631803189,node,22.4401367,114.0633251,,lowered,,traffic_signals
631803346,node,22.4385723,114.0626431,,lowered,,traffic_signals
660415685,node,22.355571,114.247837,,,yes,
660415811,node,22.2783228,114.1784932,,,yes,bus_stop
727297126,node,22.2966842,114.0173971,,,yes,
738427429,node,22.3219881,113.9422214,,,yes,
994194763,node,22.3173539,114.2268303,,lowered,,
998477262,node,22.3345036,114.1964921,,,yes,
998478613,node,22.341123,114.1946597,,flush,,crossing
1001072718,node,22.3848927,114.1984677,,,yes,
1001072832,node,22.3824045,114.1955364,,,yes,
1001072856,node,22.3851481,114.1982233,,,yes,
1011184193,node,22.2854105,114.1920194,,,yes,
1012267750,node,22.3822316,114.195795,,,yes,
1012751994,node,22.2804027,114.182295,,flush,,crossing
1013426289,node,22.2797,114.18111,,,yes,
1022129722,node,22.2967648,114.017548,,,yes,
1022477187,node,22.2877118,114.1575062,,,yes,
1022480945,node,22.2853825,114.1550295,,,yes,
1023011855,node,22.3060808,114.2336331,,,yes,
1025363926,node,22.2763417,114.1760616,,,yes,
1026550252,node,22.2755644,114.1704512,,lowered,,
1041585732,node,22.2818126,114.1479247,,,yes,
1121807814,node,22.2177166,114.2125165,,,yes,
1122164806,node,22.2176598,114.2081589,,,yes,
1162958792,node,22.3729611,113.9881483,,,yes,
1162958794,node,22.3722294,113.9925794,,,yes,
1162958806,node,22.3720657,113.9927404,,,yes,
1163165296,node,22.3720785,113.9936372,,,yes,bus_stop
1167427587,node,22.36296,114.021385,,,yes,
1168529073,node,22.2664031,114.2384082,,,yes,
1177162876,node,22.2937595,113.940477,,,yes,
1179087850,node,22.3725025,113.992327,,,yes,
1179823149,node,22.28774,114.221882,,,yes,
1187352655,node,22.2943092,114.1688157,,lowered,,
1189559010,node,22.30523,114.1744458,,,yes,
1191992737,node,22.3378266,114.1504336,,,yes,
1194385481,node,22.3375766,114.1562259,,,yes,
1213567510,node,22.3077094,114.1921788,,,yes,
1214404362,node,22.4872234,113.9064244,,,yes,
1234379955,node,22.2669526,114.2135841,,,yes,
1235438306,node,22.3814246,113.9634235,,flush,,crossing
1248770398,node,22.3372119,114.1979784,,,yes,
1248770399,node,22.3367921,114.1979885,,,yes,
1255794254,node,22.334275,114.2103103,,flush,,mini_roundabout
1261186012,node,22.3227229,114.2165782,,lowered,,
1268358716,node,22.2962118,114.1703632,,,yes,
1270088052,node,22.337232,114.156609,,,yes,
1271091281,node,22.3410431,114.1364633,,lowered,,
1271091342,node,22.3411071,114.1362431,,lowered,,
1272770972,node,22.3140836,114.0425797,,,yes,
1276680451,node,22.3634772,114.1143474,,,yes,
1278086132,node,22.2752885,114.1719283,,,yes,
1280185863,node,22.2293195,114.2510786,,,yes,
1294918034,node,22.2768002,114.1596922,,,yes,
1294918319,node,22.2773394,114.1601523,,,yes,
1294918330,node,22.2774343,114.1624523,,,yes,
1295654865,node,22.3040753,114.2523705,,,yes,
1298704551,node,22.2802825,114.1835166,,,yes,
1299465456,node,22.2796931,114.1855683,,,yes,
1299465477,node,22.2906585,114.1968962,,,yes,
1299465487,node,22.2888099,114.1942907,,,yes,
1359615251,node,22.3041773,114.1869711,,,yes,elevator
1401248711,node,22.3090814,114.2621253,,,yes,
1403798342,node,22.3107355,114.2600985,,lowered,,crossing
1403798346,node,22.3107662,114.2601961,,lowered,,crossing
1409998444,node,22.3323557,114.1886612,,flush,,crossing
1442107006,node,22.282714,114.1579391,,,yes,
1447974924,node,22.4505576,114.1610847,,,yes,
1467952942,node,22.332408,114.1879795,,flush,,crossing
1486165634,node,22.4176241,114.2096055,,,yes,
1492204026,node,22.4314396,114.2000517,,,yes,
1495551899,node,22.296131,114.2685695,,,yes,
1502845932,node,22.4186719,114.2072043,,,yes,
1561111026,node,22.3630815,114.1318837,,,yes,
1561111122,node,22.3629161,114.1314457,,,yes,
1580863823,node,22.5271122,114.1247372,,,yes,
1590333091,node,22.3993415,114.2126548,,flush,,crossing
1597620669,node,22.4442524,114.1708013,,,yes,
1601302367,node,22.5084069,114.1468943,,,yes,
1604440970,node,22.4563045,114.1426655,,,yes,
1606823735,node,22.504779,114.129421,,,yes,
1606824694,node,22.5086995,114.1231755,,,yes,
1613007388,node,22.3911538,113.9766358,,,yes,
1615603802,node,22.2809161,114.1558911,,,yes,
1619220237,node,22.2771947,114.1726788,,,yes,
1619220582,node,22.2781815,114.1704844,,lowered,,crossing
1619220592,node,22.2782539,114.1704926,,lowered,,crossing
1634974083,node,22.3370021,114.1758588,,,yes,
1635553777,node,22.4101395,114.2213199,,flush,,crossing
1635553818,node,22.4122774,114.2234669,,lowered,,crossing
1635553849,node,22.4127273,114.2222345,,flush,,crossing
1640472884,node,22.3214228,114.1619335,,lowered,,crossing
1640472885,node,22.3214238,114.1620079,,lowered,,crossing
1649800468,node,22.2569973,114.2515573,,,yes,
1651828056,node,22.3326792,114.1898757,,flush,,crossing
1683191889,node,22.2435396,114.1594739,,,yes,
1684278473,node,22.2184617,114.2116173,,lowered,,
1687139680,node,22.4113883,114.2217552,,flush,,crossing
1687139691,node,22.4114787,114.2219275,,flush,,crossing
1690407917,node,22.5258219,114.0485226,,,yes,
1691725584,node,22.3080497,114.2348146,,flush,,crossing
1701214504,node,22.3684262,114.1151484,,,yes,bus_stop
1701214506,node,22.3683729,114.1152469,,,yes,bus_stop
1703006726,node,22.3691105,114.1361758,,flush,,crossing
1705327200,node,22.2878551,114.1510107,,,yes,bus_stop
1719432057,node,22.3749288,113.9612405,,,yes,
1719432099,node,22.3750336,113.9613009,,,yes,
1746335693,node,22.3850296,114.1990229,,,yes,
1779205612,node,22.4262306,114.1990972,,,yes,
1780194725,node,22.293344,113.939805,,,yes,
1780246653,node,22.389723,113.968729,,,yes,
1780374939,node,22.2694356,114.1851785,,,yes,
1780562061,node,22.2864731,114.1418757,,,yes,
1784578084,node,22.3781212,114.110083,,,yes,bus_stop
1784578107,node,22.3786659,114.1072857,,,yes,bus_stop
1784601682,node,22.3693376,114.1207387,,,yes,bus_stop
1786997194,node,22.3941562,113.9739477,,,yes,bus_stop
1801992956,node,22.3379198,114.1408917,,flush,,crossing
1809981785,node,22.4242485,114.2317959,,,yes,
1815946781,node,22.43384,114.027064,,,yes,
1820302596,node,22.2938308,113.9468984,,lowered,,
1820302601,node,22.2938355,113.9469313,,lowered,,
1821783615,node,22.2919905,113.9497688,,,yes,
1821822969,node,22.2904705,113.948627,,,yes,
1855205096,node,22.2811052,114.1644646,,lowered,,
1861067370,node,22.518043,114.174097,,,yes,
1871874044,node,22.376703,114.1053529,,flush,,
1885064987,node,22.3834092,114.1880234,,,yes,
1890950800,node,22.2497951,114.1479225,,,yes,
1894990486,node,22.2924563,114.1966617,,,yes,
1918563726,node,22.279967,114.1936844,,,yes,
1926828720,node,22.2833161,114.1340395,,,yes,
1926830927,node,22.2835126,114.1381132,,,yes,
1928335271,node,22.2899622,114.1448031,,,yes,
1932297114,node,22.2838172,114.134177,,,yes,
1942600954,node,22.2985307,114.2367112,,,yes,
1942600955,node,22.2984539,114.2365798,,,yes,
1942600956,node,22.2971312,114.237768,,,yes,
1942600957,node,22.2970443,114.2376312,,,yes,
1952070848,node,22.282501,114.160162,,,yes,
1952071293,node,22.2800648,114.1662477,,,yes,
1952071920,node,22.279902,114.1877345,,,yes,
1952510747,node,22.2983158,114.1719412,,,yes,
1956543543,node,22.4066702,114.2196243,,lowered,,
1958095274,node,22.4227532,114.104158,,,yes,
1961328734,node,22.522975,114.16203,,,yes,
1961429610,node,22.3697239,114.0506575,,,yes,
1962793698,node,22.3080558,114.2581422,,lowered,,crossing
1962793722,node,22.3080841,114.2582574,,lowered,,crossing
1962793809,node,22.308151,114.2579566,,lowered,,crossing
1962793943,node,22.3082804,114.2583429,,lowered,,crossing
1962794081,node,22.3084258,114.2579962,,lowered,,crossing
1962794110,node,22.3084585,114.2581042,,lowered,,crossing
1962794476,node,22.3091189,114.2605675,,lowered,,crossing
1962794492,node,22.3092474,114.2609654,,lowered,,crossing
1962794505,node,22.3092999,114.2606699,,lowered,,crossing
1988098082,node,22.3730449,114.1780568,,,yes,
1988098090,node,22.3726634,114.1780439,,,yes,
1988098093,node,22.3729463,114.1793291,,,yes,
1988101458,node,22.3881124,114.2086273,,,yes,
1988101459,node,22.3874181,114.2082235,,,yes,
1988101468,node,22.3875433,114.2080651,,,yes,
1988101515,node,22.3879701,114.2087676,,,yes,
2019288237,node,22.4488884,114.1748616,,,yes,
2028019506,node,22.4343131,114.0639519,,,yes,
2028019587,node,22.4341584,114.0636915,,,yes,
2028025892,node,22.4355296,114.0630862,,,yes,
2028025893,node,22.4353707,114.0628458,,,yes,
2029411541,node,22.4918273,114.1387823,,,yes,
2036864519,node,22.4209566,114.2091229,,,yes,
2038772689,node,22.4194575,114.204634,,,yes,
2038772696,node,22.4164447,114.2119065,,,yes,
2038772701,node,22.4194575,114.2045696,,,yes,
2046438650,node,22.4558867,114.1664462,,flush,,
2046438681,node,22.4560471,114.1666275,,flush,,
2077087002,node,22.207445,114.030265,,,yes,
2084507132,node,22.4177065,114.2104669,,,yes,
2090579207,node,22.2807337,114.1859239,,,yes,
2092302594,node,22.3978535,114.1974271,,,yes,
2093138515,node,22.3561497,114.127802,,,yes,
2101332995,node,22.3197745,114.2315907,,,yes,
2102321175,node,22.2801815,114.1724028,,,yes,
2102781225,node,22.2743751,114.1729835,,,yes,
2118748432,node,22.4151207,114.2106771,,,yes,
2131101385,node,22.3684602,114.1150854,,,yes,bus_stop
2131101392,node,22.3687196,114.1146052,,,yes,bus_stop
2145437373,node,22.4122727,114.2136271,,lowered,,
2147718995,node,22.2698975,113.9987023,,,yes,
2154535074,node,22.396081,114.284332,,,yes,
2155414986,node,22.495132,114.100305,,,yes,
2160024707,node,22.3693794,114.1087391,,lowered,,
2176972066,node,22.4514864,114.1649086,,lowered,,
2178560249,node,22.4424987,114.1775434,,lowered,,crossing
2247841484,node,22.2860562,114.2159126,,,yes,
2251292845,node,22.3262365,114.1526711,,,yes,
2251319925,node,22.3101816,114.2632066,,,yes,bus_stop
2294267334,node,22.3319892,114.028623,,,yes,
2298557835,node,22.4063672,114.2222145,,flush,,crossing
2298557848,node,22.4066189,114.2198881,,flush,,crossing
2298558134,node,22.4076764,114.2224323,,,yes,
2298558162,node,22.407774,114.222245,,,yes,
2300657366,node,22.5632529,113.8764879,,,yes,
2315765554,node,22.501333,114.1275684,,,yes,
2315859069,node,22.45102,114.161444,,,yes,elevator
2315859109,node,22.4506191,114.1609177,,,yes,
2315859113,node,22.4505758,114.1612496,,,yes,
2315859117,node,22.4507787,114.1611393,,,yes,elevator
2318534636,node,22.4442135,114.1700938,,,yes,
2318832096,node,22.2907155,114.1974972,,,yes,
2321881765,node,22.4136317,114.2225271,,flush,,crossing
2321882030,node,22.4149901,114.2228588,,flush,,crossing
2334078758,node,22.3486356,114.0618929,,,yes,
2373122143,node,22.2905784,114.207926,,,yes,
2398019533,node,22.5307519,113.9249954,,,yes,
2403562276,node,22.3961262,113.9736361,,,yes,
2405720799,node,22.3213896,114.2244689,,,yes,bus_stop
2405720801,node,22.3209374,114.2240517,,,yes,bus_stop
2405720805,node,22.3219881,114.2260642,,,yes,bus_stop
2405720813,node,22.3220921,114.226184,,,yes,bus_stop
2405720815,node,22.3196001,114.2272954,,,yes,bus_stop
2405943467,node,22.3207774,114.2268221,,,yes,bus_stop
2405943468,node,22.3246446,114.2288649,,,yes,bus_stop
2405991159,node,22.3374319,114.1982853,,,yes,bus_stop
2407077022,node,22.3751836,113.9685756,,,yes,bus_stop
2409907561,node,22.4290301,114.2438805,,,yes,
2409919310,node,22.425045,114.2312418,,,yes,
2409919311,node,22.4251689,114.2316834,,,yes,
2409919312,node,22.424493,114.2316438,,,yes,
2409931194,node,22.4178817,114.2258039,,,yes,
2409931195,node,22.4178287,114.2259672,,,yes,
2409931196,node,22.4192729,114.2264295,,,yes,
2410074740,node,22.3830363,114.2038394,,,yes,
2410074741,node,22.3831719,114.2036999,,,yes,
2410078033,node,22.376874,114.1945897,,,yes,
2410078034,node,22.3767145,114.194706,,,yes,
2410098348,node,22.3748836,114.1863407,,,yes,
2410098353,node,22.3746142,114.186325,,,yes,
2410149817,node,22.4926213,114.1383685,,,yes,
2410171248,node,22.4443453,114.1697412,,,yes,
2411853271,node,22.3045044,114.1792816,,,yes,
2412924484,node,22.2823543,114.191064,,,yes,
2418861736,node,22.3601921,114.1285597,,flush,,crossing
2428256635,node,22.2188244,114.2103825,,,yes,
2434934690,node,22.3823303,114.1879438,,,yes,
2435280354,node,22.3941722,113.9736936,,,yes,
2435280355,node,22.3944454,113.9737665,,,yes,
2435280356,node,22.3944114,113.9733722,,,yes,
2435280359,node,22.3965739,113.9734539,,,yes,
2435303323,node,22.4120404,113.9786554,,,yes,
2435335624,node,22.4468725,114.0036088,,,yes,
2435335625,node,22.4470589,114.0033561,,,yes,
2435335626,node,22.4481731,114.004498,,,yes,
2435335627,node,22.4491298,114.0054366,,,yes,
2436054864,node,22.4475217,114.0241856,,,yes,
2436054889,node,22.447783,114.0265379,,,yes,
2436311517,node,22.4459422,114.0346694,,,yes,
2436311520,node,22.4459403,114.0352194,,,yes,
2436311525,node,22.4464288,114.035346,,,yes,
2439978544,node,22.3373435,114.2640615,,,yes,
2440289846,node,22.3361104,114.1429005,,lowered,,
2441045138,node,22.3009035,114.1789815,,flush,,crossing
2441045168,node,22.3014872,114.1784238,,flush,,crossing
2458967923,node,22.5368056,113.9795191,,,yes,
2484961992,node,22.51069,114.08,,,yes,
2498627566,node,22.2770971,114.1702216,,lowered,,crossing
2508541550,node,22.2834384,114.1910921,,,yes,bus_stop
2508541551,node,22.2834665,114.1910904,,,yes,bus_stop
2508541553,node,22.2835667,114.1910845,,,yes,bus_stop
2511239996,node,22.4515514,114.1653296,,lowered,,
2511241021,node,22.4461914,114.1662302,,,yes,
2512178963,node,22.2844786,114.0371381,,,yes,
2514290805,node,22.4502444,114.1693578,,,yes,
2514363613,node,22.3688337,114.1140379,,flush,,
2514363615,node,22.3689563,114.114123,,lowered,,
2526461047,node,22.286109,114.216995,,,yes,bus_stop
2546436295,node,22.295561,114.1750721,,,yes,
2547538030,node,22.3089876,114.2606724,,,yes,
2555174996,node,22.2811785,114.1285401,,,yes,
2555174998,node,22.2818121,114.1293531,,,yes,
2555184303,node,22.2832689,114.136744,,,yes,
2555184305,node,22.28564,114.1351513,,,yes,
2555184306,node,22.2844548,114.1346392,,,yes,
2555265437,node,22.2864364,114.1418059,,,yes,
2555265438,node,22.2862083,114.1417987,,,yes,
2555265441,node,22.2870918,114.1444696,,,yes,
2555299657,node,22.2861706,114.1536409,,,yes,
2555348136,node,22.2816497,114.1587712,,,yes,
2556667486,node,22.2792986,114.1650768,,,yes,
2556667490,node,22.2787238,114.1655709,,,yes,
2556799124,node,22.280641,114.1844978,,,yes,elevator
2556829055,node,22.2829199,114.1921408,,,yes,
2566130974,node,22.2816305,114.2222887,,,yes,
2566130977,node,22.2846366,114.2163223,,,yes,
2578042194,node,22.3152336,114.0454351,,,yes,
2586286211,node,22.3128431,114.2173249,,,yes,
2590405744,node,22.284982,114.1600049,,,yes,bus_stop
2600839054,node,22.4513269,114.165037,,flush,,
2600839066,node,22.4513562,114.1650757,,flush,,
2609916590,node,22.5009324,114.1284305,,,yes,
2609916951,node,22.5015745,114.1278273,,,yes,
2609916984,node,22.5015911,114.1273102,,,yes,
2609923037,node,22.4953702,114.1280933,,,yes,bus_stop
2621926076,node,22.4260429,114.2314292,,,yes,bus_stop
2626737790,node,22.3991473,113.9766196,,,yes,bus_stop
2626737791,node,22.3991998,113.9766296,,,yes,bus_stop
2630508549,node,22.3649736,114.0133949,,,yes,bus_stop
2630508555,node,22.3649583,114.0134042,,,yes,bus_stop
2630508559,node,22.365589,114.0125295,,,yes,bus_stop
2630508565,node,22.3656408,114.0124579,,,yes,bus_stop
2630508574,node,22.3660344,114.005468,,,yes,bus_stop
2630508584,node,22.3660472,114.0055556,,,yes,bus_stop
2630508588,node,22.3663953,114.0063749,,,yes,bus_stop
2630508592,node,22.3664155,114.0065096,,,yes,bus_stop
2630508598,node,22.3662803,114.0095163,,,yes,bus_stop
2630508603,node,22.3662836,114.0094765,,,yes,bus_stop
2630508608,node,22.3662932,114.0093579,,,yes,bus_stop
2630508612,node,22.3663442,114.0113532,,,yes,bus_stop
2630508615,node,22.3663594,114.0112447,,,yes,bus_stop
2630508616,node,22.366363,114.0112116,,,yes,bus_stop
2630508617,node,22.3641245,114.0150256,,,yes,bus_stop
2630508654,node,22.3650605,114.0133422,,,yes,bus_stop
2630508659,node,22.3656608,114.0124313,,,yes,bus_stop
2630508740,node,22.3660542,114.0056036,,,yes,bus_stop
2630508744,node,22.3663894,114.0063386,,,yes,bus_stop
2637779933,node,22.4072269,113.9786314,,,yes,bus_stop
2639465084,node,22.4066141,114.2196961,,flush,,crossing
2639465558,node,22.4267382,114.2338281,,lowered,,
2640699288,node,22.4217292,114.2286145,,,yes,bus_stop
2640699294,node,22.4217942,114.2285205,,,yes,bus_stop
2640699301,node,22.4218128,114.2284937,,,yes,bus_stop
2640700473,node,22.4221895,114.231197,,,yes,
2640700497,node,22.4224076,114.2286632,,,yes,
2663216668,node,22.4990429,114.0783984,,,yes,
2663218018,node,22.4958,114.08552,,,yes,
2683614968,node,22.5627828,113.8773355,,,yes,
2689360307,node,22.3390699,114.1869992,,,yes,
2690901316,node,22.3379125,114.2023145,,,yes,bus_stop
2690901321,node,22.3379317,114.2022791,,,yes,bus_stop
2690901326,node,22.3379503,114.202244,,,yes,bus_stop
2690901337,node,22.338542,114.2010152,,,yes,bus_stop
2690901542,node,22.3370697,114.20434,,lowered,,
2690901572,node,22.3372476,114.2031258,,lowered,,
2690901587,node,22.3372962,114.2031663,,lowered,,
2690901593,node,22.3372947,114.2035055,,lowered,,
2690986699,node,22.3402984,114.1946018,,flush,,crossing
2703686815,node,22.3583631,114.1074287,,,yes,
2717008511,node,22.3782241,114.1347542,,,yes,elevator
2717008552,node,22.3784177,114.1350373,,,yes,elevator
2717049247,node,22.4271047,114.1963933,,flush,,crossing
2719226732,node,22.2834252,114.1923941,,,yes,bus_stop
2719226734,node,22.2834887,114.1924138,,,yes,bus_stop
2719226740,node,22.2836513,114.192464,,,yes,bus_stop
2719226764,node,22.2853659,114.192278,,,yes,bus_stop
2719226766,node,22.285368,114.192318,,,yes,bus_stop
2736584272,node,22.3887793,113.9204745,,flush,,crossing
2875698709,node,22.3214336,114.1665754,,,yes,
2935664494,node,22.2817207,114.1284836,,,yes,
2958865902,node,22.2799674,114.1855828,,,yes,bus_stop
2958865903,node,22.280009,114.18545,,,yes,bus_stop
2958865904,node,22.2800396,114.1853521,,,yes,bus_stop
2958865905,node,22.2800642,114.1852733,,,yes,bus_stop
2958865914,node,22.2799859,114.1855237,,,yes,bus_stop
2999564343,node,22.3335971,114.1633165,,flush,,
2999564346,node,22.3336012,114.1633259,,flush,,
3005305738,node,22.2804775,114.2247218,,lowered,,crossing
3005306176,node,22.2836277,114.2158226,,lowered,,
3005306179,node,22.2836393,114.2164279,,lowered,,
3013852345,node,22.310603,114.2384825,,flush,,crossing
3013852447,node,22.3114458,114.2381118,,flush,,crossing
3013871551,node,22.3113011,114.2275413,,,yes,bus_stop
3013871563,node,22.3118786,114.2284818,,,yes,
3017363987,node,22.2823193,114.1909953,,,yes,
3017941676,node,22.3784682,114.1992244,,lowered,,
3017941682,node,22.3785875,114.1990576,,lowered,,
3017944547,node,22.3843248,114.2065639,,lowered,,
3035847802,node,22.3920726,114.199083,,,yes,
3035848237,node,22.4180757,114.2022696,,flush,,crossing
3035866984,node,22.4294489,114.203776,,,yes,bus_stop
3035866985,node,22.4294858,114.2033345,,,yes,bus_stop
3035867235,node,22.3821567,114.1898998,,,yes,bus_stop
3035867236,node,22.3822934,114.1897347,,,yes,bus_stop
3035867237,node,22.3823794,114.1896307,,,yes,bus_stop
3035867238,node,22.3824565,114.1895377,,,yes,bus_stop
3035882934,node,22.3735958,114.1788311,,,yes,
3035938148,node,22.3766684,114.2120056,,,yes,bus_stop
3035938149,node,22.3767384,114.2119288,,,yes,bus_stop
3035938150,node,22.3767985,114.2118545,,,yes,bus_stop
3035938151,node,22.3768598,114.2117858,,,yes,bus_stop
3035938152,node,22.3768758,114.2117673,,,yes,bus_stop
3047969103,node,22.3681005,114.1209984,,,yes,
3047969551,node,22.370166,114.1010971,,lowered,,
3047970444,node,22.3743926,114.1157953,,lowered,,crossing
3048004340,node,22.3705477,114.1238132,,,yes,bus_stop
3048004359,node,22.3785985,114.1086546,,,yes,bus_stop
3048004379,node,22.3683774,114.1144438,,,yes,bus_stop
3049050101,node,22.2811047,114.189378,,,yes,
3049050113,node,22.2811282,114.1900221,,,yes,bus_stop
3049050114,node,22.2811348,114.1900318,,,yes,bus_stop
3049050115,node,22.2811916,114.1901155,,,yes,bus_stop
3049050116,node,22.2812025,114.1901317,,,yes,bus_stop
3063935135,node,22.4479502,114.0247565,,,yes,
3063935423,node,22.42587,114.037863,,,yes,
3063935677,node,22.4292,114.033805,,,yes,
3063936923,node,22.435488,114.028682,,,yes,
3070117379,node,22.3223954,114.2577521,,,yes,
3070117418,node,22.3225171,114.258529,,,yes,
3071501082,node,22.3940595,113.9730261,,,yes,
3081154716,node,22.312912,114.0418383,,flush,,
3081155552,node,22.3127796,114.0420564,,flush,,
3081155573,node,22.3125808,114.0419088,,flush,,
3116476865,node,22.2558011,113.9034585,,,yes,
3116476866,node,22.2567467,113.9023501,,,yes,
3132707093,node,22.487681,113.9162104,,,yes,
3140385694,node,22.3102387,114.0401987,,,yes,
3153751864,node,22.3148968,114.229476,,flush,,crossing
3164954377,node,22.361653,114.1318669,,,yes,
3175200826,node,22.2826472,114.1673316,,,yes,
3198273569,node,22.3202427,114.2282307,,,yes,bus_stop
3198273582,node,22.3170341,114.2323022,,,yes,bus_stop
3198273583,node,22.3170218,114.2323215,,,yes,bus_stop
3198273584,node,22.3230885,114.2305416,,,yes,bus_stop
3198273585,node,22.3230718,114.2307574,,,yes,bus_stop
3198273599,node,22.3159011,114.2339273,,,yes,bus_stop
3230273785,node,22.3169423,114.1611126,,,yes,
3230273810,node,22.3161169,114.1701346,,,yes,bus_stop
3230273811,node,22.3159133,114.1701771,,,yes,bus_stop
3230273812,node,22.3159586,114.1701677,,,yes,bus_stop
3230273813,node,22.3161638,114.1701248,,,yes,bus_stop
3230276785,node,22.3169585,114.1689012,,,yes,
3232940102,node,22.488101,114.242154,,,yes,
3250909227,node,22.401026,114.323368,,,yes,
3267027164,node,22.287483,114.286439,,,yes,
3283372477,node,22.3255301,114.1560838,,,yes,
3324787647,node,22.378237,114.1350017,,,yes,
3389134667,node,22.3370879,114.1762546,,,yes,
3423150499,node,22.3323265,114.1472505,,,yes,bus_stop
3494508394,node,22.3133072,113.92841,,,yes,
3494529993,node,22.3126015,113.9271917,,,yes,
3544908832,node,22.388706,114.264322,,,yes,
3556767469,node,22.3125722,114.2200936,,,yes,
3559324160,node,22.251935,114.1578985,,,yes,bus_stop
3561064094,node,22.336088,114.1484984,,,yes,
3598355940,node,22.3100334,114.2270038,,,yes,
3600382194,node,22.3395658,114.195444,,,yes,
3606396188,node,22.3344531,114.1474481,,,yes,
3606396189,node,22.3347451,114.1487634,,,yes,
3606396190,node,22.3347499,114.1498051,,,yes,
3607107707,node,22.3251375,114.1680012,,,yes,
3612147442,node,22.3196703,114.037395,,,yes,
3637152736,node,22.38304,114.19675,,,yes,
3646949234,node,22.3684913,114.108846,,,yes,steps
3727886746,node,22.3712598,114.1134474,,lowered,,
3763507451,node,22.3658331,114.0111268,,,yes,
3813482267,node,22.4497834,114.1803519,,,yes,
3854020812,node,22.416489,114.021501,,,yes,
3874654157,node,22.4465926,114.1694969,,,yes,
3906478038,node,22.2854144,114.1537062,,,yes,
3906478039,node,22.2847111,114.1581028,,,yes,
3906478040,node,22.2797829,114.1575345,,,yes,
3912040159,node,22.3010903,114.1720211,,,yes,bus_stop
3912040160,node,22.3000324,114.1718822,,,yes,bus_stop
3914318563,node,22.3109007,114.1689825,,,yes,
3920060239,node,22.3453052,114.2514615,,,yes,
3923722278,node,22.4171445,114.2146769,,,yes,
3930556099,node,22.2852517,114.1625233,,,yes,
3930556112,node,22.28596,114.1622626,,,yes,
3937121773,node,22.2832776,114.1347715,,,yes,
3964454519,node,22.429804,114.2094806,,,yes,
3964454520,node,22.4330659,114.204839,,,yes,
3981955617,node,22.3125402,114.1690763,,,yes,traffic_signals
3986251059,node,22.3108193,114.16782,,,yes,
4036567125,node,22.4695484,114.1948467,,,yes,
4058360886,node,22.451571,114.1648914,,flush,,
4058360887,node,22.4515344,114.164929,,flush,,
4058361691,node,22.4516591,114.1652843,,lowered,,
4059229723,node,22.392996,114.2075042,,lowered,,
4059255380,node,22.3315375,114.1891849,,,yes,
4082342537,node,22.3761061,114.1793978,,,yes,
4087481538,node,22.3815855,114.2741099,,lowered,,
4099072622,node,22.2834236,114.1366559,,,yes,
4116494721,node,22.3123298,114.1709595,,,yes,
4128161006,node,22.2876065,114.1415061,,,yes,
4130718089,node,22.3122438,114.1706281,,,yes,
4141113601,node,22.5264418,114.0483506,,,yes,
4168504989,node,22.2774991,114.164718,,,yes,
4172467890,node,22.4520266,114.1660622,,,yes,
4172514018,node,22.3087308,114.1693156,,,yes,
4181250694,node,22.3102258,114.1703691,,,yes,
4213284991,node,22.516132,114.13269,,,yes,
4213709287,node,22.34548,114.203287,,,yes,
4218552892,node,22.4218705,114.2269362,,,yes,
4254989997,node,22.3174648,114.1904926,,,yes,
4254992902,node,22.3172548,114.190771,,,yes,
4255649364,node,22.2070136,114.0285077,,,yes,
4265905967,node,22.3855716,114.186999,,,yes,
4265907726,node,22.3855577,114.1876902,,,yes,
4269851114,node,22.3718894,113.9929478,,,yes,
4278396190,node,22.3171352,114.1628553,,,yes,
4282108630,node,22.2933902,114.2017241,,,yes,
4324739224,node,22.4494462,114.1633042,,,yes,
4338478841,node,22.4446507,114.1706348,,,yes,
4347552008,node,22.3831744,114.1880686,,,yes,bus_stop
4348153118,node,22.3231676,114.2318186,,,yes,bus_stop
4348612094,node,22.2920179,113.9411498,,,yes,
4348674094,node,22.3220555,114.2324508,,,yes,bus_stop
4348674095,node,22.3243329,114.2307032,,,yes,bus_stop
4355305741,node,22.3318092,114.1688018,,,yes,
4356090190,node,22.4294645,114.2033658,,,yes,bus_stop
4356090199,node,22.412431,114.2108588,,,yes,bus_stop
4356149732,node,22.4294425,114.203787,,,yes,bus_stop
4357610159,node,22.3703757,114.1249123,,,yes,bus_stop
4358436928,node,22.383624,114.1878328,,,yes,bus_stop
4361130440,node,22.370393,114.1251478,,,yes,bus_stop
4368072322,node,22.3649658,114.0133996,,,yes,bus_stop
4368072324,node,22.3663815,114.006293,,,yes,bus_stop
4368072325,node,22.3663501,114.0113095,,,yes,bus_stop
4370546408,node,22.3212196,114.232318,,,yes,elevator
4370546422,node,22.3211757,114.2323592,,,yes,elevator
4370546424,node,22.3210173,114.2321201,,,yes,elevator
4370546428,node,22.3218041,114.2325528,,,yes,elevator
4380024259,node,22.3656247,114.0124802,,,yes,bus_stop
4380024261,node,22.3660394,114.0054948,,,yes,bus_stop
4380024262,node,22.3662872,114.0094097,,,yes,bus_stop
4415795378,node,22.3282362,114.1720674,,lowered,,
4417156931,node,22.3373095,114.1749825,,,yes,
4439290505,node,22.3395438,114.1653549,,lowered,,
4442270959,node,22.3647982,114.0702353,,lowered,,
4442511827,node,22.3725301,114.105511,,flush,,
4442511828,node,22.3725647,114.1054681,,flush,,
4443340683,node,22.2794529,113.9361541,,lowered,,
4451866334,node,22.3277278,114.2063478,,,yes,
4459362791,node,22.3058121,114.1887229,,,yes,
4459551612,node,22.3057261,114.1887711,,,yes,elevator
4464856815,node,22.414279,113.974693,,,yes,
4467947380,node,22.4400619,114.0647431,,lowered,,traffic_signals
4468489193,node,22.327149,114.207395,,,yes,
4481847227,node,22.392069,113.9766313,,,yes,bus_stop
4502609482,node,22.2877863,114.1512275,,,yes,bus_stop
4526092221,node,22.5503024,113.939965,,flush,,crossing
4544103555,node,22.39589,113.96657,,,yes,
4550090247,node,22.48967,114.118417,,,yes,
4550090248,node,22.486311,114.123406,,,yes,
4550160744,node,22.472447,114.109414,,,yes,
4555125638,node,22.441625,114.00816,,,yes,
4584246937,node,22.28401,114.19932,,,yes,
4586410200,node,22.4184498,114.2254419,,,yes,
4592843494,node,22.2539106,113.862126,,,yes,
4598021508,node,22.29506,113.9508048,,,yes,
4611131745,node,22.3725645,113.9682158,,lowered,,
4621236983,node,22.449205,114.1669722,,,yes,bus_stop
4621833500,node,22.4554274,113.9988714,,,yes,bus_stop
4621833504,node,22.4555208,113.998836,,,yes,bus_stop
4637809508,node,22.3108319,114.2598862,,lowered,,crossing
4682715189,node,22.2843123,114.1896586,,,yes,
4686208345,node,22.3912213,113.9598621,,,yes,
4697561314,node,22.2948361,113.9490917,,,yes,
4706750976,node,22.2933527,114.0215767,,,yes,
4741009747,node,22.4102634,114.212874,,flush,,
4781404234,node,22.3109786,114.2603455,,lowered,,crossing
4784596410,node,22.509638,114.123433,,,yes,
4793044337,node,22.4510239,114.1613482,,,yes,
4796611212,node,22.2955975,114.2920707,,,yes,
4796625665,node,22.3954247,114.1990332,,,yes,
4798097548,node,22.4516775,114.1651564,,flush,,
4798097549,node,22.4516939,114.1651979,,flush,,
4800113790,node,22.3171455,113.9339397,,,yes,
4806152279,node,22.3110765,114.2603001,,lowered,,crossing
4806152280,node,22.3110846,114.2600784,,lowered,,crossing
4836271823,node,22.38685,114.30701,,,yes,
4848241606,node,22.3386469,114.1872081,,,yes,
4848257007,node,22.2810676,114.2191399,,lowered,,
4850648414,node,22.3954123,113.9746918,,,yes,
4858068854,node,22.4527289,114.1675974,,,yes,
4860560490,node,22.2767634,114.1822859,,lowered,,
4860560491,node,22.2769023,114.1820633,,lowered,,
4860767139,node,22.370833,114.117615,,,yes,
4864404306,node,22.321248,114.233482,,,yes,
4870091580,node,22.282263,114.1267808,,,yes,
4878810915,node,22.305475,114.1682,,,yes,
4928870709,node,22.4513588,114.1649485,,lowered,,
4928870713,node,22.4513348,114.1651444,,lowered,,
4954020837,node,22.3818602,114.1888298,,,yes,
4959342579,node,22.4337192,114.0704426,,,yes,bus_stop
4990381991,node,22.3939813,113.973623,,lowered,,
5009068598,node,22.312925,113.9271445,,,yes,
5037487828,node,22.4514401,114.0072307,,lowered,,
5044082865,node,22.4451585,114.0324078,,lowered,,
5048448507,node,22.4518555,114.1627028,,,yes,
5052108992,node,22.3548602,114.1068624,,lowered,,crossing
5052108993,node,22.3548669,114.1070207,,lowered,,crossing
5065209503,node,22.4117782,114.2233563,,lowered,,crossing
5067014502,node,22.4147671,114.2235984,,flush,,crossing
5071754867,node,22.3710534,114.1146165,,lowered,,
5079445444,node,22.42518,114.1966207,,lowered,,
5093611286,node,22.2894025,113.9418428,,,yes,
5097914292,node,22.5046118,114.1022971,,,yes,
5098150894,node,22.4982744,114.1529451,,,yes,
5098496689,node,22.4135688,114.2101033,,,yes,
5099498680,node,22.3110784,114.259972,,lowered,,crossing
5099724127,node,22.3360711,114.2079246,,,yes,
5120377288,node,22.2944395,114.1691817,,lowered,,
5128154858,node,22.3771306,114.1928189,,,yes,elevator
5141327754,node,22.2807478,114.161727,,,yes,
5146166227,node,22.2680065,114.1698856,,,yes,
5154981124,node,22.2736888,114.1741997,,,yes,
5155222065,node,22.3630566,114.1315054,,,yes,
5175441447,node,22.5642871,113.8763218,,,yes,
5180139180,node,22.2834768,114.1346057,,,yes,
5180866236,node,22.5328283,113.9491145,,,yes,
5181472725,node,22.5582357,113.8754922,,,yes,elevator
5187524600,node,22.5246004,113.9872921,,,yes,
5187524609,node,22.5244409,113.9900305,,,yes,
5187524610,node,22.5256519,113.9895137,,,yes,
5194055698,node,22.54934,113.994785,,,yes,
5196679415,node,22.283721,114.1344644,,,yes,
5206456356,node,22.5557862,114.2221382,,,yes,
5211827929,node,22.2832635,114.1349509,,,yes,
5216953714,node,22.3201465,114.2262845,,,yes,
5217111836,node,22.3201477,114.2263345,,,yes,
5217126457,node,22.3166979,114.2265437,,lowered,,
5218222159,node,22.3153404,114.2397044,,,yes,
5218245413,node,22.3195926,114.2317551,,,yes,
5218262869,node,22.3221139,114.2327315,,,yes,elevator
5218878427,node,22.3240048,114.2283555,,,yes,bus_stop
5218878428,node,22.3238042,114.2279011,,,yes,bus_stop
5220763365,node,22.329494,114.2060407,,,yes,
5220851334,node,22.4554474,114.1654968,,lowered,,
5220851341,node,22.4555557,114.1656142,,lowered,,
5220851429,node,22.4567154,114.1765155,,flush,,
5221173919,node,22.4567926,114.1777844,,flush,,
5221645038,node,22.3743914,114.1807722,,lowered,,
5226597347,node,22.4099742,114.2129908,,lowered,,
5226597348,node,22.4102308,114.2129006,,lowered,,
5241143521,node,22.5637262,113.8753083,,,yes,
5249655812,node,22.3195996,114.2278572,,,yes,
5249655820,node,22.3230096,114.2292662,,,yes,
5253313526,node,22.3199581,114.2317659,,,yes,
5253313533,node,22.3196115,114.231831,,,yes,
5283673138,node,22.2780052,114.1311705,,,yes,
5305182201,node,22.5248803,113.9870063,,,yes,
5313747786,node,22.3829946,114.2150894,,,yes,elevator
5313747807,node,22.3825125,114.2154845,,,yes,elevator
5339724681,node,22.3177278,113.9337156,,,yes,
5343460319,node,22.3238542,114.2260774,,lowered,,
5369563360,node,22.4557824,114.1719817,,flush,,
5369563361,node,22.4557376,114.1722633,,flush,,
5371693928,node,22.4510233,114.007304,,lowered,,
5371693931,node,22.4512836,114.0072302,,lowered,,
5371807845,node,22.4494574,114.0214072,,lowered,,
5375125791,node,22.3822147,114.192927,,lowered,,
5417793763,node,22.4266653,114.2339157,,flush,,crossing
5417793764,node,22.426583,114.2339393,,flush,,crossing
5418444287,node,22.4662498,114.1936451,,,yes,
5418444306,node,22.4662611,114.1936897,,,yes,bus_stop
5433421885,node,22.2789852,114.1717565,,flush,,crossing
5444540696,node,22.5423073,113.9746601,,,yes,
5446027239,node,22.2822771,114.1919173,,,yes,
5447058900,node,22.2764167,114.1724445,,,yes,
5455661898,node,22.319567,114.2275074,,,yes,bus_stop
5455661900,node,22.3175416,114.232052,,,yes,bus_stop
5470586773,node,22.2837716,114.1614086,,lowered,,
5470586774,node,22.2837379,114.1613126,,lowered,,
5504142719,node,22.5564325,114.1448777,,,yes,
5507417919,node,22.524546,113.9857581,,,yes,
5507420621,node,22.5244914,113.9850379,,,yes,
5562086981,node,22.2444545,114.1552301,,,yes,
5562134135,node,22.2438178,114.1552287,,,yes,
5602771872,node,22.2788731,114.1661202,,,yes,elevator
5612839678,node,22.304789,114.291275,,,yes,
5612839679,node,22.3138755,114.2746475,,,yes,
5612839686,node,22.310868,114.284841,,,yes,
5616286415,node,22.5217678,113.943607,,,yes,elevator
5616286447,node,22.5219519,113.9421259,,,yes,
5616286489,node,22.5203316,113.9434162,,,yes,
5621827410,node,22.43072,114.095782,,,yes,
5622024755,node,22.426581,114.031462,,,yes,
5622024760,node,22.42522,114.021981,,,yes,
5622414594,node,22.431923,114.017968,,,yes,
5622414596,node,22.427413,114.037073,,,yes,
5625812521,node,22.2802426,114.1512781,,,yes,
5629643491,node,22.438189,114.164552,,,yes,
5644891903,node,22.4182792,114.2047451,,,yes,
5669356058,node,22.3691051,114.1175848,,lowered,,crossing
5692206722,node,22.3300305,114.1897973,,,yes,
5694115833,node,22.4504273,114.1606951,,,yes,
5736739267,node,22.4491944,114.1656228,,lowered,,
5739570309,node,22.4483488,114.1678149,,lowered,,
5744193459,node,22.453125,114.1656248,,lowered,,
5750622550,node,22.4429191,114.1768205,,lowered,,
5750622557,node,22.4445615,114.1763082,,lowered,,
5750622558,node,22.444489,114.1762767,,lowered,,
5757793926,node,22.2961756,114.2696631,,,yes,
5759747957,node,22.3563363,114.1295069,,flush,,
5769543336,node,22.3232693,114.1966368,,,yes,
5769543348,node,22.3216486,114.1963454,,,yes,
5784512205,node,22.4559138,114.1664078,,lowered,,
5784512265,node,22.4555238,114.1658297,,flush,,
5792837285,node,22.4520348,114.1666878,,lowered,,
5794473133,node,22.4529421,114.1658834,,lowered,,
5801347866,node,22.4565798,114.1661994,,lowered,,
5834880774,node,22.4264891,114.2336024,,flush,,crossing
5834880775,node,22.4265546,114.2335027,,flush,,crossing
5834880890,node,22.409895,114.2213873,,flush,,crossing
5837640043,node,22.43116,114.1946763,,lowered,,
5840547150,node,22.2487636,114.1762332,,,yes,
5862684895,node,22.322303,114.194722,,lowered,,
5862684899,node,22.3236639,114.1961835,,lowered,,
5862684910,node,22.3270296,114.2038032,,lowered,,
5862684920,node,22.3238683,114.1960125,,lowered,,
5871053154,node,22.517298,114.1156332,,,yes,
5874102408,node,22.2789863,114.1285573,,,yes,
6002891333,node,22.5033224,114.130492,,,yes,
6017303291,node,22.2478581,114.1589699,,,yes,
6029635546,node,22.3103566,114.2633288,,,yes,
6032752905,node,22.3119364,114.1649941,,lowered,,
6032752906,node,22.3121768,114.1649367,,lowered,,
6047683196,node,22.2862022,114.2241,,lowered,,
6056271436,node,22.5516377,114.0624394,,flush,,crossing
6065348466,node,22.3165052,114.1717725,,,yes,
6067557707,node,22.4460097,114.1774177,,,yes,
6075094470,node,22.2841847,114.2170426,,lowered,,
6109269211,node,22.3029356,114.1832528,,,yes,
6155837516,node,22.37064,114.1247336,,,yes,elevator
6170272658,node,22.3249011,114.1992728,,lowered,,
6170272671,node,22.3248053,114.1990999,,lowered,,
6183613878,node,22.2811544,114.128806,,,yes,
6185785922,node,22.4315116,114.2498276,,lowered,,
6250337610,node,22.4557594,114.1718827,,flush,,
6250794048,node,22.4316227,114.2039044,,,yes,bus_stop
6252304190,node,22.3090571,114.1663805,,flush,,
6260393495,node,22.3547108,114.1067583,,lowered,,crossing
6275421617,node,22.4264493,114.2338702,,flush,,crossing
6275421618,node,22.4257197,114.2340751,,flush,,crossing
6275421619,node,22.4263642,114.2337919,,flush,,crossing
6275421620,node,22.4257007,114.2339837,,flush,,crossing
6280203386,node,22.3089733,114.1674902,,lowered,,
6280203387,node,22.3090345,114.1676332,,lowered,,
6280203388,node,22.3090569,114.1677601,,lowered,,
6280203389,node,22.3090629,114.1678029,,lowered,,
6287248717,node,22.3644208,114.0145365,,flush,,crossing
6307399024,node,22.5392272,113.9629113,,,yes,
6308224557,node,22.4679347,114.1940609,,,yes,
6308247391,node,22.4686571,114.1943174,,,yes,
6308312017,node,22.4689643,114.194197,,,yes,
6308338616,node,22.4688998,114.194299,,,yes,
6308338617,node,22.4685578,114.1942587,,,yes,
6308387359,node,22.4689568,114.1949105,,,yes,
6309847768,node,22.4689721,114.1946971,,,yes,
6312320446,node,22.4527701,114.1786754,,,yes,
6313639026,node,22.4490352,114.1750645,,,yes,
6313639027,node,22.4491616,114.1750189,,,yes,
6313639030,node,22.4489509,114.1744328,,,yes,
6313639031,node,22.4487576,114.1742679,,,yes,
6313639033,node,22.4488208,114.1744476,,,yes,
6313639034,node,22.4488121,114.1742732,,,yes,
6313639035,node,22.4489633,114.1745911,,,yes,
6313882859,node,22.4499094,114.1780603,,,yes,
6314080155,node,22.4500867,114.180503,,,yes,
6314430161,node,22.4330136,114.2049132,,,yes,
6317304732,node,22.5379954,113.962427,,,yes,
6318080533,node,22.2866811,114.2235787,,lowered,,
6319838505,node,22.4494512,114.1775158,,lowered,,
6329262956,node,22.282544,114.1782103,,lowered,,
6359838922,node,22.2950267,114.1723401,,flush,,
6359931601,node,22.3060522,114.1729175,,flush,,
6359931615,node,22.3082699,114.1713487,,flush,,
6363076770,node,22.3093402,114.1674918,,lowered,,
6363076772,node,22.3092323,114.167563,,lowered,,
6363076774,node,22.3090915,114.1675877,,lowered,,
6363140156,node,22.3226389,114.1878179,,flush,,
6363140157,node,22.3226459,114.1878016,,flush,,
6369041348,node,22.3273301,114.1853598,,lowered,,
6369300335,node,22.31763,114.2153468,,,yes,elevator
6370140847,node,22.3242231,114.1708175,,lowered,,
6370140850,node,22.3241941,114.1706494,,lowered,,
6374552925,node,22.327376,114.1722929,,lowered,,
6374552976,node,22.3270084,114.1669603,,lowered,,
6374552978,node,22.3270608,114.1670061,,lowered,,
6374552979,node,22.3271509,114.1669969,,lowered,,
6374552981,node,22.3272358,114.1670284,,lowered,,
6374553422,node,22.3266425,114.167373,,lowered,,
6384078843,node,22.3082635,114.1712648,,lowered,,
6384078844,node,22.3082712,114.1713656,,flush,,
6384078845,node,22.3082784,114.1714587,,lowered,,
6384078856,node,22.3118333,114.1707298,,lowered,,
6384078857,node,22.3118936,114.1707198,,lowered,,
6384078864,node,22.3117732,114.1709971,,lowered,,
6384078866,node,22.3117609,114.1709124,,flush,,
6384078867,node,22.3117586,114.1708969,,flush,,
6384078869,node,22.3117439,114.170799,,lowered,,
6384079264,node,22.2986871,114.1722301,,lowered,,
6384079284,node,22.2964911,114.1723385,,lowered,,
6384079485,node,22.2964883,114.1722648,,flush,,
6384079486,node,22.2964876,114.17225,,flush,,
6386068394,node,22.3227505,114.1686471,,flush,,
6386068395,node,22.3227555,114.1686746,,flush,,
6386068402,node,22.3225731,114.1684678,,lowered,,
6386068403,node,22.3225248,114.168397,,lowered,,
6386068450,node,22.3146167,114.1702137,,lowered,,
6386068451,node,22.3146345,114.1703139,,flush,,
6386068452,node,22.3146376,114.170331,,flush,,
6386068453,node,22.3146555,114.1704311,,lowered,,
6388230351,node,22.3366648,114.1447412,,lowered,,
6388230353,node,22.3367132,114.1446802,,lowered,,
6388230355,node,22.3365513,114.144903,,lowered,,
6388230357,node,22.3365873,114.1450105,,lowered,,
6388230363,node,22.3360708,114.1453203,,lowered,,
6388230364,node,22.3360485,114.1451852,,lowered,,
6388230366,node,22.336144,114.1451523,,lowered,,
6388230367,node,22.3364094,114.1451061,,lowered,,
6388230370,node,22.336513,114.1451095,,lowered,,
6388230372,node,22.3365375,114.1451279,,lowered,,
6388230375,node,22.3366398,114.1452259,,lowered,,
6388230498,node,22.3368071,114.1406915,,lowered,,
6388230500,node,22.3367188,114.1406076,,lowered,,
6388230503,node,22.3366188,114.1405661,,lowered,,
6388230512,node,22.3371784,114.1407329,,lowered,,
6388230514,node,22.3371926,114.1406663,,lowered,,
6388230517,node,22.3374006,114.1409449,,lowered,,
6388230519,node,22.3373646,114.1408258,,lowered,,
6388230520,node,22.3373955,114.1407983,,lowered,,
6388230521,node,22.3372112,114.1406294,,lowered,,
6388230523,node,22.3372949,114.1406142,,lowered,,
6388230524,node,22.3373175,114.1405978,,lowered,,
6388230525,node,22.3373995,114.1406404,,lowered,,
6389190308,node,22.3382645,114.1528671,,lowered,,crossing
6389190555,node,22.3311628,114.161906,,lowered,,
6389190556,node,22.3310155,114.1617727,,lowered,,
6389190557,node,22.3303311,114.1626432,,lowered,,
6389500992,node,22.3298521,114.1590449,,lowered,,
6389501000,node,22.3298668,114.1591271,,lowered,,
6394896851,node,22.3651692,114.1356689,,lowered,,crossing
6394930793,node,22.3685739,114.1345,,lowered,,
6397449619,node,22.3751893,114.111596,,lowered,,
6397681195,node,22.2798481,114.1863531,,,yes,
6397681196,node,22.2797226,114.1866037,,,yes,
6402696219,node,22.3653064,114.1212078,,lowered,,
6402696220,node,22.36527,114.1211399,,lowered,,
6402696221,node,22.3652123,114.1211003,,lowered,,
6402696224,node,22.3651546,114.121107,,lowered,,
6402696225,node,22.3650635,114.1210071,,lowered,,
6402696226,node,22.3650143,114.1209545,,lowered,,
6402696228,node,22.3649556,114.1209467,,lowered,,
6404363382,node,22.315922,114.1874758,,lowered,,
6404363383,node,22.3158002,114.1876916,,lowered,,
6410475573,node,22.3481691,114.1102174,,lowered,,
6410475574,node,22.3481964,114.1103006,,lowered,,
6414589590,node,22.3332687,114.1632321,,lowered,,
6414589594,node,22.3335044,114.1631404,,lowered,,
6414589597,node,22.3336079,114.1630299,,lowered,,
6414589599,node,22.3335786,114.1630825,,lowered,,
6414589600,node,22.3335456,114.1631587,,lowered,,
6420958083,node,22.375988,114.1897798,,lowered,,
6420958084,node,22.3760569,114.1898494,,flush,,
6420961485,node,22.3760681,114.1898606,,flush,,
6420961486,node,22.3761171,114.1899084,,lowered,,
6420961497,node,22.3762967,114.1895984,,lowered,,
6420961498,node,22.3762667,114.1895703,,lowered,,
6421076971,node,22.3834641,114.1897799,,lowered,,
6421076972,node,22.3834204,114.1898433,,lowered,,
6432619198,node,22.3927694,114.207358,,lowered,,
6432619200,node,22.3927057,114.207429,,flush,,
6432619201,node,22.3926975,114.2074382,,flush,,
6432619202,node,22.3926303,114.2075116,,lowered,,
6432619263,node,22.3907232,114.2058068,,lowered,,
6432619272,node,22.3908361,114.2058092,,lowered,,
6432619273,node,22.3909229,114.2057153,,flush,,
6432619276,node,22.3909136,114.2056623,,flush,,
6432619277,node,22.3909483,114.2056187,,lowered,,
6432619353,node,22.3900485,114.2045811,,lowered,,
6466194216,node,22.3237349,114.1957172,,lowered,,
6475303961,node,22.2798909,114.188112,,lowered,,
6475303962,node,22.2799327,114.1880977,,lowered,,
6482113912,node,22.4443466,114.0163462,,lowered,,
6482113913,node,22.4443562,114.0164185,,lowered,,
6482113924,node,22.4458483,114.0184448,,lowered,,
6482113925,node,22.4443298,114.0164211,,lowered,,
6482113943,node,22.4453812,114.0171401,,lowered,,
6482113944,node,22.4454487,114.0172077,,lowered,,
6482113953,node,22.4458243,114.0184218,,flush,,
6482113954,node,22.4458196,114.0184632,,flush,,
6482114032,node,22.4463728,114.0316354,,lowered,,
6482114062,node,22.4456393,114.0325274,,lowered,,
6482114093,node,22.4445798,114.0364295,,lowered,,
6482114094,node,22.4445693,114.0376598,,lowered,,
6482114095,node,22.4445963,114.0379259,,lowered,,
6482641718,node,22.2430026,114.1548452,,lowered,,
6482641719,node,22.2430542,114.1548918,,lowered,,
6482641720,node,22.2430437,114.1545979,,flush,,
6482641721,node,22.2430383,114.1545881,,flush,,
6482641724,node,22.2429208,114.1548941,,lowered,,
6482641727,node,22.243112,114.1548606,,lowered,,
6482641729,node,22.243008,114.1545266,,lowered,,
6482641731,node,22.2430801,114.1546601,,lowered,,
6495121031,node,22.3666146,114.1147887,,lowered,,
6495121034,node,22.3664401,114.1148573,,lowered,,
6495121038,node,22.3662592,114.1145792,,lowered,,
6495121039,node,22.3663022,114.1144684,,lowered,,
6495121040,node,22.3664667,114.1143653,,lowered,,
6499717184,node,22.2842942,114.133658,,lowered,,
6499717294,node,22.2842329,114.1335903,,lowered,,
6515051828,node,22.3413306,114.1790194,,lowered,,
6515051829,node,22.3413742,114.1792485,,lowered,,
6515051830,node,22.3413656,114.1792016,,lowered,,
6515051831,node,22.3413391,114.1790656,,lowered,,
6537122360,node,22.3537623,114.1070511,,flush,,
6537122361,node,22.3537561,114.1069726,,flush,,
6539046529,node,22.3164936,114.2361291,,flush,,crossing
6540491687,node,22.2948373,113.9521421,,flush,,crossing
6550658004,node,22.3063061,114.2132274,,,yes,
6551048812,node,22.3245415,114.1720572,,lowered,,
6551971296,node,22.3174752,114.2149073,,,yes,elevator
6578604173,node,22.2510867,114.1745616,,lowered,,
6578608087,node,22.2511294,114.1745852,,lowered,,
6578608146,node,22.2503468,114.1713148,,lowered,,
6578608154,node,22.2503309,114.1708108,,lowered,,
6578608155,node,22.250295,114.1707894,,lowered,,
6578608192,node,22.2506282,114.170708,,lowered,,
6578608193,node,22.250576,114.1706799,,lowered,,
6578608199,node,22.2504949,114.1701092,,lowered,,
6578608201,node,22.2504755,114.1701622,,lowered,,
6584124390,node,22.4494875,114.1775048,,lowered,,
6584124401,node,22.4512528,114.1652477,,lowered,,
6587695601,node,22.4493998,114.0060435,,,yes,
6587699060,node,22.4456518,114.0346405,,,yes,
6590935600,node,22.3528164,114.1262233,,lowered,,
6590955319,node,22.3548889,114.12604,,flush,,
6590955321,node,22.3548051,114.1259831,,flush,,
6593095844,node,22.3537631,114.1071134,,lowered,,
6605772868,node,22.3263553,114.1535827,,,yes,
6606455993,node,22.3752391,113.9668753,,,yes,
6606532530,node,22.4549666,114.0057041,,,yes,
6610130700,node,22.2977882,114.2371593,,,yes,
6610142561,node,22.3244547,114.1683017,,,yes,
6610342222,node,22.2892449,113.9413739,,,yes,
6610384065,node,22.363065,114.257908,,,yes,
6635604450,node,22.4119912,113.9782568,,,yes,
6651554743,node,22.4514669,114.1652828,,flush,,
6651554744,node,22.4514341,114.1653187,,flush,,
6652767217,node,22.425202,114.2133151,,,yes,
6670380094,node,22.2949553,114.1724766,,lowered,,
6670380096,node,22.295022,114.172265,,lowered,,
6670380102,node,22.2948391,114.1720741,,lowered,,
6670380130,node,22.2945794,114.1695352,,lowered,,
6670380131,node,22.2945992,114.169621,,lowered,,
6670380138,node,22.2944886,114.1709107,,lowered,,
6670380147,node,22.2945194,114.1715944,,lowered,,
6670380149,node,22.2945191,114.1717374,,lowered,,
6670380158,node,22.2945072,114.1694986,,lowered,,
6670380162,node,22.2942986,114.1696055,,lowered,,
6670380163,node,22.2944698,114.1708003,,lowered,,
6670380167,node,22.2941644,114.1711819,,lowered,,
6670380176,node,22.294227,114.1711771,,lowered,,
6670380240,node,22.2946632,114.1721812,,lowered,,
6670380241,node,22.2946963,114.172084,,lowered,,
6670380242,node,22.2949454,114.1723676,,flush,,
6673168837,node,22.314758,113.9332404,,,yes,
6673766040,node,22.5632096,113.8764402,,,yes,
6680784978,node,22.3252305,114.1688234,,lowered,,
6687996438,node,22.3506863,114.1996575,,lowered,,
6687996443,node,22.3502059,114.2011221,,lowered,,
6691505118,node,22.3120743,114.1912197,,lowered,,
6696703919,node,22.5632358,113.8764671,,,yes,
6699196162,node,22.3405423,114.1948067,,flush,,crossing
6705213722,node,22.4383649,114.0638025,,lowered,,traffic_signals
6705214075,node,22.4398512,114.0663376,,lowered,,traffic_signals
6705214104,node,22.4399617,114.0609343,,lowered,,traffic_signals
6709418008,node,22.3002674,113.9346244,,lowered,,
6715085264,node,22.539854,113.969307,,,yes,
6720284115,node,22.3177417,114.1788044,,lowered,,
6720284116,node,22.3178944,114.178881,,lowered,,
6732375556,node,22.3708124,114.1388674,,flush,,crossing
6739081307,node,22.343653,114.1955846,,lowered,,
6739081308,node,22.3436279,114.1956589,,lowered,,
6739081326,node,22.343587,114.1951087,,flush,,
6744814088,node,22.3781911,114.1989982,,lowered,,
6744814089,node,22.3781798,114.2000351,,lowered,,
6744814090,node,22.3779213,114.1999934,,lowered,,
6744814126,node,22.3780965,114.2000083,,lowered,,
6744814127,node,22.3780496,114.2000273,,lowered,,
6744814134,node,22.3782599,114.1999262,,lowered,,
6744814135,node,22.3782771,114.1998643,,lowered,,
6744814165,node,22.3781671,114.1990704,,lowered,,
6744814169,node,22.3779446,114.1997412,,lowered,,
6744814170,node,22.3779222,114.199814,,lowered,,
6744814176,node,22.3784984,114.1991693,,lowered,,
6744814177,node,22.3785491,114.1990871,,lowered,,
6744814178,node,22.3786005,114.1990523,,lowered,,
6748938790,node,22.3223923,114.1944602,,lowered,,
6748938799,node,22.322253,114.1942724,,lowered,,
6748938800,node,22.3222109,114.1942949,,lowered,,
6748938801,node,22.3221431,114.1942594,,lowered,,
6766675750,node,22.3213461,114.1781312,,lowered,,
6766675752,node,22.3213608,114.1781646,,lowered,,
6769203044,node,22.4133351,114.2103441,,,yes,
6769203047,node,22.4132099,114.2105143,,lowered,,
6777645802,node,22.3852572,114.1871396,,lowered,,crossing
6780350439,node,22.4067693,114.2223319,,flush,,crossing
6780350450,node,22.4073827,114.2214521,,flush,,crossing
6784946229,node,22.2833806,114.1551879,,lowered,,
6784946230,node,22.2834283,114.1552413,,lowered,,
6784946231,node,22.2830548,114.1555448,,lowered,,
6784946232,node,22.2831206,114.155513,,lowered,,
6784946235,node,22.2837235,114.1547813,,lowered,,
6784946236,node,22.2837753,114.1548284,,lowered,,
6784946239,node,22.2838569,114.1548415,,lowered,,
6784946240,node,22.2838973,114.1547955,,lowered,,
6784946241,node,22.2835878,114.1551613,,lowered,,
6784946242,node,22.2835318,114.1552032,,lowered,,
6784946243,node,22.2831294,114.1555385,,lowered,,
6784946244,node,22.2831061,114.1555546,,lowered,,
6784946284,node,22.2830272,114.1554448,,lowered,,
6784958402,node,22.2835898,114.154909,,lowered,,
6784958403,node,22.2835612,114.1549416,,lowered,,
6795103278,node,22.3786192,114.2047045,,lowered,,
6795103279,node,22.3787452,114.2048196,,lowered,,
6795103280,node,22.3787125,114.2047696,,lowered,,
6795103281,node,22.3786661,114.2047728,,lowered,,
6795103282,node,22.3789593,114.2048227,,lowered,,
6795103283,node,22.3789527,114.2047652,,lowered,,
6795103284,node,22.3790064,114.2047282,,lowered,,
6795144585,node,22.3788615,114.2049012,,lowered,,
6795144599,node,22.3789244,114.2044296,,lowered,,
6795144600,node,22.3790658,114.204557,,lowered,,
6795144601,node,22.379035,114.2045078,,lowered,,
6795144602,node,22.3789709,114.2045082,,lowered,,
6806607840,node,22.3888134,114.2082413,,flush,,crossing
6812953438,node,22.3830741,114.2141745,,lowered,,
6812953439,node,22.3830871,114.2141191,,lowered,,
6812953440,node,22.3830037,114.2140653,,lowered,,
6812953441,node,22.3830169,114.2139975,,lowered,,
6812953442,node,22.3830766,114.2143235,,lowered,,
6812953443,node,22.3831527,114.21435,,lowered,,
6812953444,node,22.3832615,114.2143221,,lowered,,
6812953445,node,22.3832005,114.2143008,,lowered,,
6812953446,node,22.3834711,114.214149,,lowered,,
6812953447,node,22.3834059,114.2141684,,lowered,,
6812953448,node,22.3833903,114.214269,,lowered,,
6812953449,node,22.3834816,114.2140811,,lowered,,
6812953450,node,22.3833935,114.2139637,,lowered,,
6812953451,node,22.3831999,114.2138733,,lowered,,
6812953452,node,22.3833081,114.2139505,,lowered,,
6812953453,node,22.3832782,114.2138867,,lowered,,
6812953473,node,22.383069,114.2126895,,lowered,,
6812953474,node,22.3831248,114.2126733,,lowered,,
6812953477,node,22.3831521,114.2127128,,lowered,,
6812953478,node,22.3832234,114.2126943,,lowered,,
6816237229,node,22.3806438,114.207045,,lowered,,
6816237233,node,22.3803755,114.2073993,,lowered,,
6816237234,node,22.3804252,114.2073882,,lowered,,
6816237243,node,22.3803558,114.2073646,,lowered,,
6816237244,node,22.3804653,114.2074493,,lowered,,
6816237249,node,22.380346,114.2071784,,lowered,,
6816237251,node,22.3804319,114.2071101,,lowered,,
6816237252,node,22.380433,114.2070605,,lowered,,
6816237254,node,22.3805388,114.2069775,,lowered,,
6816237255,node,22.380665,114.2074418,,lowered,,
6816237257,node,22.3805898,114.2074962,,lowered,,
6816237258,node,22.3806618,114.2073837,,lowered,,
6816237262,node,22.3806857,114.2071191,,lowered,,
6816237263,node,22.3807403,114.2071082,,lowered,,
6816237265,node,22.3808131,114.2072042,,lowered,,
6816237266,node,22.3807414,114.2073261,,lowered,,
6816237277,node,22.3818407,114.2091614,,flush,,
6816237278,node,22.3818494,114.2091699,,flush,,
6816237279,node,22.3818088,114.2091302,,lowered,,
6816237280,node,22.3818835,114.2092015,,lowered,,
6816241585,node,22.3814961,114.2088152,,lowered,,
6816241587,node,22.38155,114.2088766,,lowered,,
6816747965,node,22.3405532,114.198419,,lowered,,
6816750045,node,22.3408622,114.1984806,,lowered,,
6816750056,node,22.3406283,114.1984282,,lowered,,
6816750072,node,22.3407018,114.1984396,,lowered,,
6832781231,node,22.3680649,114.0918189,,lowered,,
6832781232,node,22.3678142,114.0919493,,lowered,,
6832781233,node,22.3678808,114.0918978,,lowered,,
6832781234,node,22.367883,114.0918549,,lowered,,
6832781235,node,22.3679659,114.0917909,,lowered,,
6832781236,node,22.36812,114.0918955,,lowered,,
6832781237,node,22.3681289,114.0919074,,lowered,,
6832781238,node,22.3681778,114.0919613,,lowered,,
6843965291,node,22.3828238,114.1878231,,,yes,
6847892730,node,22.389705,114.2071833,,flush,,crossing
6848088247,node,22.4508814,114.1718876,,,yes,elevator
6851465399,node,22.2872822,114.1920031,,,yes,
6853117674,node,22.389514,114.2095952,,lowered,,
6872633641,node,22.4512997,114.1651965,,lowered,,
6872633645,node,22.4513579,114.1652835,,lowered,,
6880101707,node,22.4530931,114.1659449,,lowered,,
6886392405,node,22.3181545,114.1611457,,lowered,,
6886392406,node,22.3181362,114.1612297,,lowered,,
6886392407,node,22.3182169,114.1615928,,lowered,,
6886392408,node,22.3182366,114.1616506,,lowered,,
6886392476,node,22.3191369,114.1600339,,lowered,,
6886392477,node,22.3191659,114.1600859,,lowered,,
6886392478,node,22.3191716,114.1600961,,lowered,,
6886392479,node,22.3191978,114.1601429,,lowered,,
6886397787,node,22.3193802,114.1601289,,lowered,,
6886397789,node,22.3194364,114.1601282,,lowered,,
6886397790,node,22.3194457,114.1601281,,lowered,,
6886397792,node,22.3195082,114.1601281,,lowered,,
6886397868,node,22.3205339,114.1596177,,flush,,
6886397877,node,22.3204846,114.1596175,,lowered,,
6886397886,node,22.3205903,114.1596178,,lowered,,
6886397887,node,22.3205531,114.1596177,,flush,,
6900607491,node,22.3219373,114.1945141,,lowered,,
6900607493,node,22.3219727,114.1943193,,lowered,,
6900607500,node,22.3223407,114.1943198,,lowered,,
6905149823,node,22.2696974,114.1837542,,lowered,,
6907456356,node,22.3760153,114.1277248,,,yes,
6908992954,node,22.3123693,114.2265219,,,yes,
6941160025,node,22.2771814,114.1747179,,lowered,,
6956932749,node,22.2772796,114.1747038,,lowered,,
6970765444,node,22.2808306,114.1746067,,,yes,elevator
6983113368,node,22.3250452,114.1675203,,flush,,crossing
6984727021,node,22.2953995,114.1759179,,lowered,,
6984955539,node,22.3647715,114.1353451,,,yes,elevator
6987980303,node,22.3109295,114.259852,,lowered,,crossing
6987980308,node,22.3089749,114.2609057,,lowered,,crossing
6987980309,node,22.3089461,114.2608106,,lowered,,crossing
6987980310,node,22.3093288,114.2607622,,lowered,,crossing
6992554250,node,22.3048218,114.1901829,,,yes,elevator
6992554251,node,22.3048101,114.1901728,,,yes,
7004571971,node,22.2780861,114.1799501,,lowered,,
7004571972,node,22.2781081,114.1799429,,lowered,,
7018781667,node,22.4102144,114.2128077,,flush,,
7018781689,node,22.4056773,114.2099392,,lowered,,
7020926143,node,22.3614153,114.1359969,,lowered,,
7020944870,node,22.3614674,114.1360301,,lowered,,
7054435546,node,22.2945191,114.1712678,,,yes,bus_stop
7056640001,node,22.4095111,114.2225147,,flush,,crossing
7056640005,node,22.4093958,114.2224621,,flush,,crossing
7057971224,node,22.3698018,114.1081171,,flush,,
7060166385,node,22.2801743,114.1846844,,flush,,crossing
7060265690,node,22.2797131,114.1857648,,lowered,,
7061433823,node,22.3672918,114.0628555,,lowered,,
7061433825,node,22.3672262,114.0628054,,lowered,,
7061433826,node,22.3673367,114.0628407,,lowered,,
7061433827,node,22.3673962,114.0628757,,lowered,,
7061433831,node,22.3674272,114.0628628,,lowered,,
7061433833,node,22.3674314,114.0629401,,lowered,,
7061433834,node,22.3674215,114.0628848,,lowered,,
7061433835,node,22.3674875,114.0627377,,lowered,,
7061433836,node,22.3674986,114.0627124,,lowered,,
7061433837,node,22.3675524,114.0626944,,lowered,,
7061433839,node,22.3674634,114.062792,,lowered,,
7061433840,node,22.3674532,114.062813,,lowered,,
7062862077,node,22.4370152,114.068438,,flush,,crossing
7062862079,node,22.4369492,114.0685291,,flush,,crossing
7062862082,node,22.4368041,114.0680432,,flush,,crossing
7062862089,node,22.436865,114.068123,,flush,,crossing
7062862092,node,22.4366984,114.0685062,,flush,,crossing
7062862094,node,22.4369562,114.0681744,,flush,,crossing
7062862098,node,22.4367865,114.0685561,,flush,,crossing
7062862110,node,22.4367007,114.0681653,,flush,,crossing
7062862111,node,22.4366329,114.0682493,,flush,,crossing
7063041315,node,22.4448868,114.0327674,,lowered,,
7075800512,node,22.3686845,114.1137649,,lowered,,
7075800515,node,22.3686249,114.1138597,,lowered,,
7075800516,node,22.3687158,114.11377,,lowered,,
7075800519,node,22.3686492,114.1138768,,lowered,,
7075800522,node,22.3686826,114.1138208,,flush,,
7075800523,node,22.3686692,114.1138439,,flush,,
7077374175,node,22.296521,114.1721505,,lowered,,
7077374179,node,22.2965058,114.1721285,,lowered,,
7077374180,node,22.2964417,114.1721333,,lowered,,
7077374181,node,22.2964408,114.1721758,,lowered,,
7077504163,node,22.2971038,114.1779219,,lowered,,
7077504168,node,22.297524,114.1785031,,lowered,,
7078008419,node,22.3080117,114.2347562,,lowered,,
7078008420,node,22.3080944,114.2348834,,lowered,,
7078008469,node,22.3051586,114.2353629,,lowered,,
7078008471,node,22.3050732,114.2353794,,lowered,,
7083072007,node,22.332112,114.198342,,flush,,
7083072008,node,22.3321232,114.1983698,,flush,,
7083072010,node,22.3321252,114.1984286,,lowered,,
7083072012,node,22.3320721,114.1982981,,lowered,,
7083072020,node,22.3328103,114.1999292,,lowered,,
7083072021,node,22.3329752,114.1998582,,flush,,
7083072022,node,22.3330292,114.1998347,,lowered,,
7083072023,node,22.3328822,114.1998981,,flush,,
7084047935,node,22.2871821,114.1353595,,lowered,,
7084047936,node,22.2871811,114.1352598,,flush,,
7084047937,node,22.2871811,114.1352504,,flush,,
7084047938,node,22.2871716,114.1351656,,lowered,,
7084047939,node,22.2869645,114.1354863,,lowered,,
7084047940,node,22.2869534,114.1354372,,lowered,,
7084632044,node,22.2909816,114.2091209,,lowered,,
7084632079,node,22.2909353,114.2091499,,lowered,,
7084632080,node,22.2908722,114.2091959,,lowered,,
7084632084,node,22.2908586,114.2090984,,flush,,
7084644585,node,22.2908664,114.2090596,,flush,,
7084644586,node,22.2908437,114.2089999,,flush,,
7084644587,node,22.290845,114.2090239,,flush,,
7084644589,node,22.2908833,114.2091475,,lowered,,
7084879232,node,22.2866508,114.2235451,,lowered,,
7084903261,node,22.2861725,114.2240666,,lowered,,
7090200044,node,22.3360322,114.1452455,,lowered,,
7090200055,node,22.3365977,114.1451848,,flush,,
7090200056,node,22.3365854,114.1451732,,flush,,
7090216417,node,22.3379377,114.1409551,,lowered,,
7090216418,node,22.3379214,114.1408975,,flush,,
7090216419,node,22.3379175,114.1408848,,flush,,
7090216420,node,22.3378959,114.140819,,lowered,,
7098178562,node,22.4357239,114.0002319,,lowered,,
7098776769,node,22.3116643,114.2272649,,,yes,
7098776791,node,22.3125954,114.2257481,,,yes,
7104001504,node,22.3711721,114.1134122,,lowered,,
7104001505,node,22.3711263,114.1135379,,lowered,,
7104001506,node,22.3711749,114.1133338,,lowered,,
7108810872,node,22.4318186,114.254359,,lowered,,
7108810873,node,22.431832,114.254475,,lowered,,
7114047978,node,22.3333602,114.1631916,,lowered,,
7114047980,node,22.3335723,114.1632493,,flush,,
7114047981,node,22.3335749,114.1632575,,flush,,
7114047982,node,22.3336272,114.1633834,,lowered,,
7116117247,node,22.4491028,114.0283432,,lowered,,
7131014984,node,22.3730394,114.0038804,,,yes,
7131764294,node,22.3752865,113.9978021,,lowered,,
7131764296,node,22.3752305,113.9978289,,lowered,,
7131764297,node,22.3751801,113.9978528,,lowered,,
7131764299,node,22.3751192,113.9978837,,lowered,,
7136811558,node,22.2873933,114.1411538,,,yes,
7139508958,node,22.217048,114.2125176,,,yes,
7140649262,node,22.2804005,114.1543912,,,yes,
7140651309,node,22.2817972,114.1544851,,,yes,
7146767764,node,22.2760197,113.9323458,,lowered,,
7158207566,node,22.4994131,114.1432833,,,yes,
7158853767,node,22.3291037,114.2017923,,lowered,,
7158853768,node,22.3291681,114.2018585,,lowered,,
7158853769,node,22.3294461,114.2015232,,lowered,,
7158853770,node,22.3293864,114.2014607,,lowered,,
7158853771,node,22.329182,114.2014611,,lowered,,
7158853772,node,22.3291129,114.2015356,,lowered,,
7158853774,node,22.3294113,114.2014867,,flush,,
7158853775,node,22.3291498,114.2014958,,flush,,
7158853776,node,22.3291569,114.2014881,,flush,,
7158853777,node,22.3291387,114.201827,,flush,,
7158853778,node,22.3291287,114.2018169,,flush,,
7158859997,node,22.3284892,114.2027573,,lowered,,
7158859999,node,22.3284275,114.2028304,,lowered,,
7158860013,node,22.3296289,114.2047949,,flush,,
7158860014,node,22.3296292,114.2047805,,flush,,
7158860015,node,22.3296308,114.2047083,,lowered,,
7158860016,node,22.3296273,114.2048692,,lowered,,
7158860028,node,22.3287841,114.2046223,,lowered,,
7158860030,node,22.3287308,114.2046398,,lowered,,
7158860031,node,22.3286939,114.2046275,,lowered,,
7158860033,node,22.3286554,114.2045872,,lowered,,
7158860041,node,22.3287267,114.2046581,,lowered,,
7158860043,node,22.3287301,114.2047209,,flush,,
7158860044,node,22.3287289,114.204734,,flush,,
7158860046,node,22.3287187,114.2048076,,lowered,,
7165806768,node,22.3269145,114.1892861,,lowered,,
7165806769,node,22.3271172,114.18919,,lowered,,
7165806770,node,22.3270511,114.1892224,,lowered,,
7165806771,node,22.326971,114.1892649,,lowered,,
7168821127,node,22.351157,114.127139,,lowered,,
7168821138,node,22.3519677,114.1274812,,lowered,,
7175416438,node,22.283746,114.1610338,,lowered,,
7179540569,node,22.3037612,114.182401,,lowered,,
7185774060,node,22.4383829,114.0041233,,flush,,stop
7191848496,node,22.3660556,114.1198687,,lowered,,
7191848503,node,22.3660821,114.1198149,,lowered,,
7191848515,node,22.3652991,114.1211643,,lowered,,
7191900856,node,22.3657957,114.120207,,lowered,,
7191900857,node,22.3656142,114.1202015,,lowered,,
7191900861,node,22.3656219,114.1201322,,lowered,,
7191900862,node,22.36556,114.1202571,,lowered,,
7191900863,node,22.3658273,114.1201742,,lowered,,
7191900864,node,22.3657907,114.1202474,,lowered,,
7191900866,node,22.3655937,114.1201897,,lowered,yes,crossing
7191900869,node,22.3658074,114.1202141,,lowered,yes,crossing
7205131753,node,22.3727685,113.9680309,,lowered,,
7205131754,node,22.3727702,113.9681465,,lowered,,
7205131757,node,22.3725295,113.9681944,,lowered,,
7205131758,node,22.372734,113.9682064,,lowered,,
7205978388,node,22.3849897,114.1876861,,lowered,,crossing
7213539512,node,22.4518285,114.0088347,,lowered,,
7213960322,node,22.4156054,113.9815483,,lowered,,
7215977827,node,22.4187741,114.2128137,,,yes,
7215977829,node,22.4185305,114.2128197,,,yes,
7236678139,node,22.380972,114.1876649,,lowered,,
7236678140,node,22.3809847,114.1875778,,lowered,,
7236987132,node,22.3867809,114.195704,,lowered,,
7236987134,node,22.3868358,114.1957563,,lowered,,
7242593467,node,22.3235737,114.1670089,,lowered,,
7242593468,node,22.3235889,114.166946,,lowered,,
7242593469,node,22.3231602,114.1674999,,lowered,,
7242593470,node,22.3231884,114.1675241,,lowered,,
7252212747,node,22.3816716,114.1880713,,lowered,,
7273820416,node,22.3782682,114.1999348,,lowered,,
7273820433,node,22.3785587,114.1991124,,lowered,,
7273820435,node,22.3786032,114.1990802,,lowered,,
7280854092,node,22.331576,114.1686494,,lowered,,crossing
7280854093,node,22.3315742,114.1689066,,lowered,,crossing
7284976793,node,22.3702468,114.0797075,,lowered,,
7284976796,node,22.3703077,114.0796768,,lowered,,
7284976926,node,22.3693785,114.0829594,,lowered,,
7284976927,node,22.3693277,114.0830459,,lowered,,
7287642221,node,22.3296006,114.2059017,,,yes,
7291703040,node,22.4950958,114.1342897,,,yes,elevator
7314672950,node,22.3698184,114.0778138,,lowered,,
7314672951,node,22.3698411,114.077853,,flush,,
7314672952,node,22.3698566,114.0778728,,flush,,
7314672953,node,22.3698966,114.0779201,,lowered,,
7315111202,node,22.3677862,114.0747581,,lowered,,
7315111203,node,22.3678267,114.0747528,,lowered,,
7315111212,node,22.3675848,114.074055,,lowered,,
7315111213,node,22.3676118,114.0740865,,lowered,,
7315111227,node,22.3676959,114.0741921,,lowered,,
7315111232,node,22.3677416,114.0742483,,lowered,,
7315111266,node,22.3682425,114.075032,,lowered,,
7315111268,node,22.3683079,114.0751849,,lowered,,
7315123512,node,22.3680598,114.0751864,,lowered,,
7315123513,node,22.3680758,114.0751516,,lowered,,
7325437448,node,22.3670791,114.0735303,,lowered,,
7325437450,node,22.3670193,114.0734579,,lowered,,
7331567709,node,22.3643966,114.0692177,,lowered,,
7331567710,node,22.3643606,114.0691838,,lowered,,
7331567711,node,22.364337,114.069152,,lowered,,
7331567712,node,22.3643169,114.069098,,lowered,,
7331580988,node,22.3648073,114.0703324,,lowered,,
7331580995,node,22.3642641,114.0695881,,lowered,,
7331580996,node,22.3643174,114.0695922,,lowered,,
7334970629,node,22.3674557,114.0620743,,flush,,
7334970630,node,22.3674599,114.062051,,flush,,
7334970637,node,22.366374,114.0631622,,lowered,,
7334970638,node,22.3663332,114.0632267,,lowered,,
7355877841,node,22.4941394,114.1398163,,lowered,,
7380438683,node,22.2945456,113.9521829,,flush,,crossing
7380520670,node,22.2941908,113.9470709,,lowered,,
7383774426,node,22.2636037,114.2379465,,,yes,elevator
7437242959,node,22.3127294,114.0423801,,flush,,
7442264590,node,22.4985038,114.1339777,,,yes,
7445041015,node,22.451602,113.994507,,,yes,
7447746818,node,22.434261,113.948623,,,yes,
7447888500,node,22.3068612,114.0165449,,,yes,
7449717361,node,22.2946895,113.9519971,,lowered,,
7449717362,node,22.2946672,113.9520008,,lowered,,
7449717363,node,22.2947666,113.9519843,,lowered,,
7449717364,node,22.2945688,113.952017,,lowered,,
7449717365,node,22.2948284,113.9520668,,lowered,,
7449717366,node,22.2948484,113.952228,,lowered,,
7449717367,node,22.2945302,113.952083,,lowered,,
7449717368,node,22.2945578,113.9522656,,lowered,,
7449730495,node,22.2946329,113.9494318,,lowered,,
7449730497,node,22.294595,113.9494359,,lowered,,
7449730498,node,22.2944648,113.9494554,,lowered,,
7449730500,node,22.2943881,113.9494651,,lowered,,
7449730501,node,22.2943662,113.9494682,,lowered,,
7449730503,node,22.2942634,113.9494834,,lowered,,
7449730555,node,22.2939613,113.9471018,,lowered,,
7449730570,node,22.2940194,113.9466407,,lowered,,
7449730571,node,22.2940499,113.9466367,,lowered,,
7449730572,node,22.2941661,113.9466214,,lowered,,
7449730573,node,22.2939263,113.946653,,lowered,,
7449730574,node,22.2938452,113.9470161,,lowered,,
7449730575,node,22.2938183,113.9468168,,lowered,,
7449730576,node,22.294081,113.9470862,,lowered,,
7449730577,node,22.2941011,113.9470835,,lowered,,
7449730580,node,22.2942656,113.9469378,,lowered,,
7449730583,node,22.2942458,113.9467538,,lowered,,
7449730584,node,22.2942525,113.9468464,,lowered,,
7449730585,node,22.2942553,113.9468759,,lowered,,
7483484268,node,22.2875428,114.1890977,,,yes,
7490069744,node,22.2656544,114.2447133,,lowered,,
7490069745,node,22.2658403,114.2446682,,lowered,,
7490069746,node,22.26574,114.244693,,flush,,
7490069747,node,22.2657559,114.2446893,,flush,,
7490115172,node,22.2630602,114.2495579,,lowered,,
7490115184,node,22.264148,114.2488015,,lowered,,
7490467310,node,22.2852908,114.1602459,,lowered,,
7490467311,node,22.285306,114.1602556,,lowered,,
7490467312,node,22.2852596,114.1598959,,lowered,,
7490467313,node,22.2852616,114.1600039,,lowered,,
7490467314,node,22.2852293,114.1599628,,lowered,,
7490467321,node,22.2852052,114.1601242,,lowered,,
7490467322,node,22.285222,114.1601996,,lowered,,
7490467323,node,22.2853966,114.1603151,,lowered,,
7490467324,node,22.2856789,114.1599446,,lowered,,
7490467325,node,22.285457,114.1597886,,lowered,,
7490467326,node,22.2855368,114.1598446,,lowered,,
7490467327,node,22.2855646,114.1598624,,lowered,,
7499848267,node,22.4314314,114.2530339,,lowered,,
7503622859,node,22.2926241,113.9487932,,lowered,,
7503622860,node,22.292627,113.9488359,,lowered,,
7503622861,node,22.2926211,113.9487501,,lowered,,
7503622862,node,22.2926308,113.9488925,,lowered,,
7505628007,node,22.5031504,114.1485621,,lowered,,
7505628119,node,22.5030802,114.1488893,,lowered,,
7505628125,node,22.5029623,114.1487704,,lowered,,
7509598989,node,22.5007659,114.128268,,,yes,
7509598990,node,22.5011702,114.1282282,,,yes,
7509598995,node,22.5015153,114.1279323,,,yes,
7517996306,node,22.3782892,114.1998646,,lowered,,
7517996318,node,22.3785161,114.1991862,,lowered,,
7517996319,node,22.3784871,114.1992368,,lowered,,
7523272028,node,22.4124352,114.2112354,,lowered,,crossing
7523272030,node,22.4123107,114.211721,,lowered,,crossing
7523272043,node,22.4131626,114.2105032,,lowered,,
7523272044,node,22.4130952,114.2105329,,lowered,,
7523272045,node,22.4132428,114.2105801,,lowered,,
7523272047,node,22.4132192,114.2104173,,lowered,,
7523272048,node,22.4132085,114.2104607,,lowered,,
7525763004,node,22.2921675,113.949759,,,yes,
7525763006,node,22.2922101,113.9498369,,,yes,
7525763009,node,22.2921435,113.9494326,,,yes,
7525763011,node,22.2921092,113.9493517,,,yes,
7525763014,node,22.2920594,113.9492308,,,yes,
7525763018,node,22.2919745,113.9490094,,,yes,
7525763022,node,22.2918555,113.9486458,,,yes,
7525763024,node,22.2918103,113.948517,,,yes,
7525763031,node,22.2919746,113.9493813,,,yes,
7525763033,node,22.2919185,113.9492611,,,yes,
7525763035,node,22.2916052,113.9484576,,,yes,
7525763037,node,22.2916125,113.9486239,,,yes,
7528032958,node,22.2917123,113.9483389,,,yes,elevator
7529382860,node,22.2909243,113.9473016,,lowered,,
7529382861,node,22.2908276,113.9473216,,lowered,,
7536188128,node,22.2918526,113.9485873,,,yes,
7536188129,node,22.2920171,113.951059,,,yes,
7553815429,node,22.312262,114.1648962,,lowered,,
7553815430,node,22.3123078,114.1649359,,lowered,,
7553815433,node,22.3120938,114.1649559,,lowered,,
7553815434,node,22.3120118,114.1649754,,lowered,,
7570138892,node,22.3393079,114.1657793,,lowered,,
7570146638,node,22.3400239,114.1667105,,lowered,,
7570149120,node,22.3393079,114.1657312,,lowered,,
7570149122,node,22.3392484,114.1656335,,lowered,,
7570149123,node,22.3393151,114.1655537,,lowered,,
7570155299,node,22.3398473,114.1654954,,lowered,,
7570155300,node,22.3397772,114.1655447,,lowered,,
7570155301,node,22.33954,114.1657145,,lowered,,
7588395295,node,22.3378226,114.2036778,,lowered,,
7590272949,node,22.2792531,114.1811203,,lowered,,crossing
7590272950,node,22.279388,114.1810622,,lowered,,crossing
7598268327,node,22.3396043,114.1652646,,lowered,,
7598268328,node,22.3393502,114.1658233,,lowered,,
7598268329,node,22.3394688,114.1658089,,lowered,,
7598268330,node,22.339867,114.1654477,,lowered,,
7598268331,node,22.3398413,114.165382,,lowered,,
7598268332,node,22.3397722,114.1653336,,lowered,,
7598268340,node,22.3397355,114.1652729,,lowered,,
7598268347,node,22.339255,114.1656815,,lowered,,
7598268348,node,22.3392336,114.1656482,,lowered,,
7598268349,node,22.3392068,114.16565,,lowered,,
7598268366,node,22.3399513,114.1667086,,flush,,
7598268367,node,22.3399637,114.1667088,,flush,,
7598268370,node,22.3399045,114.1667082,,lowered,,
7598268375,node,22.3399022,114.1654979,,lowered,,
7598268376,node,22.3399835,114.1655209,,lowered,,
7600133297,node,22.3813838,113.9735163,,flush,,crossing
7600530382,node,22.3208554,114.2064871,,lowered,,
7600530383,node,22.3209115,114.2063029,,lowered,,
7600530384,node,22.320866,114.2063677,,lowered,,
7600538686,node,22.3208543,114.2064241,,lowered,,
7600538687,node,22.3194878,114.2078973,,lowered,,
7600538688,node,22.3194796,114.2078029,,lowered,,
7600884627,node,22.2819632,114.2309186,,flush,,
7600884628,node,22.2819736,114.2309187,,flush,,
7600884629,node,22.2820696,114.2307439,,lowered,,
7600884630,node,22.2820911,114.2306411,,lowered,,
7600884690,node,22.2821099,114.2305557,,lowered,,
7600884691,node,22.2819136,114.2309173,,lowered,,
7600884700,node,22.2820779,114.2309687,,lowered,,
7600884701,node,22.2820467,114.2308576,,lowered,,
7600884702,node,22.282052,114.230913,,lowered,,
7600884703,node,22.2820132,114.230918,,lowered,,
7608945597,node,22.3305546,114.190769,,flush,,crossing
7608945608,node,22.3306258,114.1889966,,flush,,crossing
7608945622,node,22.3306956,114.1878309,,flush,,crossing
7612590732,node,22.2480837,114.1597992,,lowered,,
7612595728,node,22.2480606,114.1598677,,lowered,,
7612595729,node,22.248212,114.1602635,,lowered,,
7612595730,node,22.2482795,114.1602833,,lowered,,
7612595806,node,22.2432936,114.1577851,,lowered,,
7612595807,node,22.2432939,114.1578656,,lowered,,
7612595809,node,22.2432584,114.1578929,,lowered,,
7612595810,node,22.2432577,114.1579267,,lowered,,
7612595820,node,22.2434675,114.157983,,lowered,,
7612595821,node,22.2433427,114.1580215,,lowered,,
7612595822,node,22.2434126,114.1579823,,flush,,
7612595823,node,22.2433933,114.1580208,,flush,,
7612595889,node,22.2478382,114.1639404,,lowered,,
7612595909,node,22.2486844,114.1629522,,lowered,,
7612595910,node,22.2486861,114.1630204,,lowered,,
7612595911,node,22.2484332,114.1616448,,lowered,,
7612595913,node,22.2484676,114.161695,,lowered,,
7612595915,node,22.2484811,114.1617424,,lowered,,
7612595918,node,22.2484581,114.161785,,lowered,,
7617293455,node,22.2873954,114.1415452,,,yes,elevator
7617293457,node,22.2845364,114.1433534,,,yes,elevator
7619659710,node,22.3159238,114.187543,,lowered,,
7619659713,node,22.315804,114.1877958,,lowered,,
7619661644,node,22.3243804,114.1976317,,lowered,,
7619661645,node,22.3244569,114.1978136,,lowered,,
7619661714,node,22.3234932,114.1959844,,lowered,,
7619687185,node,22.3273016,114.2035234,,lowered,,
7619687188,node,22.3271755,114.2037605,,lowered,,
7619687189,node,22.3273761,114.2035291,,lowered,,
7619687196,node,22.3274215,114.2040282,,lowered,,
7619687198,node,22.3273005,114.2039671,,lowered,,
7619687203,node,22.3271406,114.203891,,lowered,,
7622788158,node,22.2653216,114.2372023,,lowered,,
7629291156,node,22.2783835,114.1688069,,lowered,,
7629291157,node,22.2783602,114.1688545,,lowered,,
7629291166,node,22.2782736,114.1686736,,lowered,,
7629291167,node,22.2783194,114.1685576,,lowered,,
7629291169,node,22.278289,114.1688478,,lowered,,
7629291170,node,22.278438,114.1688243,,lowered,,
7638372998,node,22.3315325,114.1622984,,lowered,,
7645758451,node,22.3269676,114.2032287,,lowered,,
7649812492,node,22.3501604,114.2012277,,lowered,,
7651838811,node,22.3697592,114.1083065,,lowered,,
7656451910,node,22.2988162,114.2368102,,,yes,
7727935530,node,22.3539705,114.1244209,,,yes,
7752000672,node,22.3900704,114.2045392,,lowered,,
7752000673,node,22.3900673,114.2044993,,lowered,,
7765141719,node,22.2883791,114.1564816,,,yes,
7765141739,node,22.2883245,114.1567136,,,yes,
7765516443,node,22.4400001,114.0719888,,lowered,,
7765516444,node,22.4399871,114.0718275,,lowered,,
7772335754,node,22.3010679,114.1720226,,,yes,bus_stop
7775311789,node,22.305133,113.9382774,,lowered,,
7782982532,node,22.5498043,113.9373466,,flush,,crossing
7782982537,node,22.5501414,113.9388336,,flush,,crossing
7837198515,node,22.3359276,114.1621914,,flush,,
7855810554,node,22.2968129,114.0176644,,,yes,
7855810555,node,22.2883948,114.1575669,,,yes,
7855810556,node,22.2966542,114.0171083,,,yes,
7855810559,node,22.296455,114.0163813,,,yes,
7855810560,node,22.2966491,114.0166876,,,yes,
7855810561,node,22.2967322,114.0171492,,,yes,
7855810562,node,22.2878595,114.1573942,,,yes,
7855810563,node,22.2879132,114.1574113,,,yes,
7855810564,node,22.2964572,114.0162029,,,yes,
7855810565,node,22.2954619,114.0168229,,,yes,
7855928098,node,22.2958132,114.017553,,,yes,bus_stop
7855928108,node,22.2951731,114.0175276,,,yes,bus_stop
7855928110,node,22.2957084,114.0175859,,,yes,bus_stop
7855928112,node,22.29588,114.0172061,,,yes,bus_stop
7855928114,node,22.2953833,114.0172393,,,yes,
7855928115,node,22.295763,114.0172452,,,yes,bus_stop
7855928117,node,22.2952198,114.0175579,,,yes,bus_stop
7855928118,node,22.2957701,114.0174101,,,yes,bus_stop
7855928119,node,22.2961255,114.017318,,,yes,
7855928123,node,22.2957536,114.0173401,,,yes,bus_stop
7855928124,node,22.2954652,114.0172933,,,yes,bus_stop
7855928128,node,22.295396,114.0175365,,,yes,bus_stop
7861571337,node,22.4438887,114.0173922,,lowered,,
7864345325,node,22.4071303,114.2214648,,flush,,crossing
7864345334,node,22.4091967,114.222484,,flush,,crossing
7892295495,node,22.2769233,114.1717678,,,yes,
7899265495,node,22.5347052,114.0438434,,lowered,,
7899265496,node,22.5345119,114.0438449,,lowered,,
7900002238,node,22.4066863,114.2195911,,lowered,,
7900305742,node,22.3029008,114.182248,,,yes,
7924611090,node,22.4123068,114.2234364,,flush,,crossing
7924611132,node,22.4117329,114.223334,,flush,,crossing
7924732744,node,22.2758269,113.9334473,,lowered,,
7931300729,node,22.3119441,114.1646334,,lowered,,
7931300730,node,22.3120522,114.1646482,,lowered,,
7934758422,node,22.3271479,114.150301,,lowered,,
7965429786,node,22.3161246,114.2405167,,,yes,bus_stop
7965429787,node,22.3160209,114.2403888,,,yes,bus_stop
7965429788,node,22.3158884,114.2402592,,,yes,bus_stop
7965429789,node,22.3157897,114.2401731,,,yes,bus_stop
7965429790,node,22.3156481,114.2400795,,,yes,bus_stop
7965429795,node,22.3160511,114.2401415,,,yes,
7965869931,node,22.3158829,114.2402541,,,yes,bus_stop
7973321342,node,22.3097173,114.2663513,,lowered,,
7973321343,node,22.3095443,114.2664668,,lowered,,
7973321384,node,22.3097081,114.2664157,,lowered,,
7973360386,node,22.3095878,114.266462,,lowered,,
7973360404,node,22.3069783,114.2682391,,lowered,,
7973360405,node,22.3070323,114.268211,,flush,,
7973360406,node,22.3070235,114.2681317,,flush,,
7973360407,node,22.3071076,114.2680875,,lowered,,
7986539547,node,22.3674496,114.1142081,,,yes,
7988168349,node,22.2877803,114.1512397,,,yes,bus_stop
8023160138,node,22.2852871,114.2222559,,lowered,,
8043760818,node,22.3060199,114.1726936,,lowered,,
8043778313,node,22.3060045,114.1728832,,flush,,
8043778318,node,22.306127,114.1728434,,lowered,,
8043778319,node,22.3059406,114.1729378,,lowered,,
8044862354,node,22.2679326,114.1698241,,,yes,bus_stop
8068871393,node,22.5257545,114.0485195,,,yes,
8086367528,node,22.2808744,114.1283502,,lowered,,
8086367529,node,22.2808849,114.1284293,,lowered,,
8086367540,node,22.281477,114.1289872,,lowered,,
8140562599,node,22.4254446,114.2132034,,,yes,
8144014936,node,22.4314155,114.2496432,,lowered,,
8154561287,node,22.3376724,114.2022472,,lowered,,
8156561940,node,22.295672,114.0174451,,,yes,bus_stop
8158190835,node,22.3047827,114.1884818,,lowered,,
8158190843,node,22.3040496,114.1888315,,lowered,,
8158190846,node,22.304005,114.1888496,,lowered,,
8174766618,node,22.3301384,114.1593536,,lowered,,
8174766619,node,22.3302161,114.1594234,,lowered,,
8174766660,node,22.3336816,114.1474008,,flush,,crossing
8174766735,node,22.3323436,114.1494847,,flush,,crossing
8194220141,node,22.2792878,114.1514768,,lowered,,
8194220142,node,22.2793484,114.1513534,,lowered,,
8194220143,node,22.2794034,114.1513831,,lowered,,
8207170693,node,22.2828228,114.1570316,,lowered,,
8220060732,node,22.3123806,113.9376708,,lowered,,
8255084999,node,22.3213237,114.1783355,,lowered,,
8255085000,node,22.321344,114.1783781,,lowered,,
8258520472,node,22.3149705,114.177381,,lowered,,
8258520473,node,22.3150319,114.1773862,,lowered,,
8258520474,node,22.3150644,114.1774017,,lowered,,
8258520475,node,22.3151048,114.1774394,,lowered,,
8258520507,node,22.3088938,114.1674334,,lowered,,
8258544374,node,22.3176639,114.1787666,,lowered,,
8258544375,node,22.317966,114.178946,,lowered,,
8258544484,node,22.3097921,114.1681063,,,yes,crossing
8258544486,node,22.3094752,114.1674734,,lowered,,
8258544487,node,22.3094833,114.1674224,,lowered,,
8258544488,node,22.3092564,114.1675544,,lowered,,
8258544489,node,22.3092775,114.1675431,,lowered,,
8258544490,node,22.3090368,114.1679189,,lowered,,
8258571326,node,22.316334,114.1738625,,lowered,,
8258571327,node,22.3164069,114.173869,,lowered,,
8258571328,node,22.3164513,114.1737956,,lowered,,
8258571329,node,22.3162913,114.1739295,,lowered,,
8273044883,node,22.369486,114.1210237,,lowered,,
8273044896,node,22.368462,114.1192755,,flush,,
8281484947,node,22.3415007,114.1923083,,lowered,,
8281484948,node,22.341515,114.192255,,lowered,,
8281484949,node,22.3415079,114.1921342,,lowered,,
8281484950,node,22.3414962,114.192071,,lowered,,
8295226546,node,22.4531323,114.0066433,,,yes,
8295234379,node,22.4530098,114.0066209,,,yes,
8295234380,node,22.4532122,114.0067415,,,yes,
8295234381,node,22.4531513,114.0069437,,,yes,
8295234382,node,22.4531438,114.0067796,,,yes,
8295234383,node,22.4533016,114.0073096,,,yes,
8295234384,node,22.4532987,114.0074273,,,yes,
8295234385,node,22.4531112,114.00685,,,yes,
8295234386,node,22.453183,114.0070606,,,yes,
8295234390,node,22.453215,114.0069977,,,yes,
8295234391,node,22.4532071,114.0069752,,,yes,
8295234392,node,22.4529701,114.0067134,,,yes,
8295234393,node,22.4531307,114.006898,,,yes,
8295234398,node,22.4532819,114.0067091,,,yes,
8295234399,node,22.4533004,114.0065796,,,yes,
8295234400,node,22.4534025,114.0066986,,,yes,
8295434447,node,22.45131,114.0071332,,lowered,,
8295434448,node,22.4513531,114.0071692,,lowered,,
8295434449,node,22.4512045,114.0068337,,lowered,,
8295434450,node,22.4512116,114.0069201,,lowered,,
8295434451,node,22.451222,114.0069733,,lowered,,
8295434452,node,22.451129,114.0073382,,lowered,,
8295434478,node,22.4518291,114.0089533,,lowered,,
8295434479,node,22.4518324,114.0091149,,lowered,,
8295434480,node,22.4518362,114.0092316,,lowered,,
8295434481,node,22.4518477,114.0092755,,lowered,,
8295434482,node,22.4518179,114.0092613,,lowered,,
8295434484,node,22.4515242,114.0093322,,lowered,,
8295434485,node,22.4515115,114.0091525,,lowered,,
8295434486,node,22.4515008,114.0089865,,lowered,,
8295434487,node,22.4514944,114.0088849,,lowered,,
8295434488,node,22.4515034,114.0087642,,lowered,,
8323150817,node,22.5222582,113.9737136,,,yes,
8329934815,node,22.5581344,114.2087075,,,yes,
8330369322,node,22.2862598,114.1892127,,lowered,,
8349563519,node,22.5458298,113.9491195,,lowered,,
8353799757,node,22.2768311,114.1747698,,lowered,,
8362961532,node,22.3217196,114.194392,,lowered,,
8383483308,node,22.3728266,114.0036695,,,yes,
8384014020,node,22.3272982,114.1503162,,lowered,,
8384014021,node,22.3271515,114.150298,,lowered,,
8384699439,node,22.3728058,114.0037023,,,yes,
8387707139,node,22.3482333,114.1103514,,lowered,,
8387707140,node,22.3481882,114.1102765,,lowered,,
8388880685,node,22.3302172,114.2006182,,lowered,,
8390377456,node,22.3306444,114.1614963,,lowered,,
8390377458,node,22.3299828,114.1623683,,lowered,,
8396961179,node,22.2652505,114.2512588,,lowered,,
8396990262,node,22.2640584,114.2521357,,lowered,,
8401676805,node,22.3262038,114.2308347,,flush,,crossing
8404810280,node,22.3616179,114.1745142,,lowered,,
8425041702,node,22.2924581,114.2457566,,,yes,bus_stop
8425041703,node,22.2922899,114.2457258,,,yes,bus_stop
8449162512,node,22.331606,114.2223467,,lowered,,
8484388062,node,22.3208532,114.1938951,,lowered,,
8532054892,node,22.2827024,114.1641635,,lowered,,
8553251289,node,22.3703971,114.1252186,,,yes,bus_stop
8556301315,node,22.3187131,114.193908,,lowered,,
8562160681,node,22.2892334,114.1943902,,flush,,
8562160682,node,22.2892217,114.1944068,,flush,,
8562160683,node,22.2892688,114.1943415,,flush,,
8562160684,node,22.2892596,114.1943543,,flush,,
8562160685,node,22.2891708,114.1944731,,lowered,,
8562160686,node,22.2892925,114.1943092,,lowered,,
8567765469,node,22.29165,114.2021082,,,yes,bus_stop
8614729286,node,22.2903244,113.9377261,,,yes,
8621593167,node,22.3067029,114.1627046,,lowered,,
8621593168,node,22.3067175,114.1626481,,flush,,
8621593169,node,22.3067252,114.1626184,,flush,,
8621593170,node,22.3067392,114.162554,,lowered,,
8624031178,node,22.5516039,114.0625876,,flush,,crossing
8631066789,node,22.3177994,114.1879291,,,yes,
8631066790,node,22.3153221,114.1878357,,,yes,
8662089884,node,22.3434949,114.1082398,,lowered,,
8662089902,node,22.3433963,114.1081402,,lowered,,
8664262819,node,22.3658265,114.1364044,,,yes,
8664771720,node,22.4229937,114.2141928,,lowered,,
8668826858,node,22.4123862,113.9799649,,lowered,,
8668826859,node,22.4124061,113.979875,,lowered,,
8668826911,node,22.415854,113.9814387,,lowered,,
8688117854,node,22.2827679,114.1790517,,lowered,,
8688117863,node,22.2829574,114.1796964,,lowered,,
8688117874,node,22.2825213,114.1799031,,lowered,,
8709071546,node,22.3617118,114.1356048,,,yes,elevator
8709071547,node,22.3616932,114.1363384,,,yes,elevator
8709071549,node,22.3617293,114.1360195,,,yes,elevator
8711437480,node,22.3018107,114.1682253,,,yes,elevator
8736436924,node,22.2620828,114.2360881,,lowered,,
8736436925,node,22.2624928,114.2367155,,lowered,,
8736436941,node,22.2621018,114.2360428,,lowered,,
8736436942,node,22.2625348,114.2366758,,lowered,,
8738369159,node,22.4466098,114.0036701,,,yes,elevator
8738555542,node,22.3892195,113.978626,,,yes,elevator
8739577167,node,22.2923344,114.1987617,,lowered,,
8739577177,node,22.2923997,114.1987456,,lowered,,
8742901648,node,22.2636796,114.1343328,,lowered,,
8748737177,node,22.2565178,114.1373664,,lowered,,
8748737178,node,22.2568025,114.1372581,,lowered,,
8755842335,node,22.3760168,114.1131263,,lowered,,
8755842337,node,22.3750245,114.1126724,,lowered,,
8758922858,node,22.2568409,114.1372068,,lowered,,
8758922859,node,22.2564676,114.1373542,,lowered,,
8760248020,node,22.3141669,114.2249397,,lowered,,
8760248022,node,22.31412,114.2248819,,lowered,,
8760999976,node,22.314958,114.2248681,,flush,,
8760999977,node,22.3149538,114.2248455,,flush,,
8761063111,node,22.3144512,114.2238558,,lowered,,
8762950294,node,22.2585665,114.1387044,,lowered,,
8762950295,node,22.2583658,114.1388562,,lowered,,
8764628271,node,22.3122544,114.1645606,,lowered,,
8764628272,node,22.3118795,114.1646399,,lowered,,
8764628274,node,22.3117872,114.1649906,,lowered,,
8764628275,node,22.3118376,114.1649515,,lowered,,
8764628276,node,22.311867,114.16493,,lowered,,
8764628280,node,22.3119137,114.164932,,lowered,,
8767795140,node,22.318152,114.1611575,,lowered,,
8772619406,node,22.3850949,114.2073297,,lowered,,
8787862610,node,22.2848219,114.1505371,,lowered,,crossing
8811581330,node,22.3816452,114.1880252,,lowered,,
8811581338,node,22.3823829,114.1889038,,flush,,
8811581339,node,22.3824001,114.1888825,,flush,,
8811581340,node,22.3824422,114.1888287,,lowered,,
8811581341,node,22.38244,114.1887895,,lowered,,
8811581360,node,22.3788976,114.1867591,,lowered,,
8811581376,node,22.3809575,114.1877589,,lowered,,
8811581377,node,22.3810494,114.1874978,,lowered,,
8811581387,node,22.3824158,114.1887681,,lowered,,
8811581389,node,22.3824747,114.1887865,,lowered,,
8811581390,node,22.3823436,114.1889537,,lowered,,
8811581391,node,22.3823732,114.1887227,,lowered,,
8821676012,node,22.3261319,114.1919482,,,yes,
8821676013,node,22.3256657,114.1912817,,,yes,
8828986767,node,22.336235,114.176853,,,yes,
8831429069,node,22.3497952,114.0576457,,,yes,
8831429077,node,22.3492533,114.0590684,,,yes,
8836849285,node,22.3714744,114.1136381,,lowered,,
8836849287,node,22.3707917,114.1138278,,lowered,,
8836849288,node,22.3713699,114.1135127,,lowered,,
8836849289,node,22.3713545,114.1135671,,lowered,,
8853155946,node,22.2476726,114.1595639,,lowered,,
8865872319,node,22.3684065,114.1345259,,lowered,,
8865872331,node,22.365487,114.1361035,,lowered,,
8867691033,node,22.280251,114.1548953,,,yes,
8868770372,node,22.3671604,114.1112715,,lowered,,
8873824707,node,22.3153219,114.1879936,,,yes,
8875340071,node,22.3726489,113.9675726,,lowered,,
8875340072,node,22.3726365,113.9676259,,lowered,,
8875340073,node,22.3726018,113.9677629,,lowered,,
8875340074,node,22.3725504,113.968015,,lowered,,
8875340075,node,22.3725711,113.9679056,,lowered,,
8875340076,node,22.3725785,113.9678624,,lowered,,
8875340077,node,22.3725906,113.9678087,,lowered,,
8875340078,node,22.3725379,113.968088,,lowered,,
8875340079,node,22.3725409,113.9680698,,lowered,,
8875340114,node,22.3725594,113.9682831,,lowered,,
8875340115,node,22.3726403,113.9682104,,flush,,
8875340116,node,22.3726657,113.9682093,,flush,,
8879111157,node,22.4063269,113.9852629,,,yes,
8883838806,node,22.2825462,114.1799756,,lowered,,
8892649540,node,22.3710352,114.1146496,,lowered,,
8893444362,node,22.3125343,114.0420189,,flush,,
8895070139,node,22.3893908,114.2029632,,flush,,
8906045282,node,22.3537481,114.1068893,,lowered,,
8906724001,node,22.4563253,114.1700947,,,yes,elevator
8916755066,node,22.2794442,114.1766734,,flush,,crossing
8916768687,node,22.2788939,114.1747253,,lowered,,
8916768689,node,22.278857,114.174529,,lowered,,
8916768703,node,22.2786762,114.1717354,,flush,,crossing
8916768920,node,22.2766947,114.174851,,lowered,,
8917235716,node,22.2772888,114.1749094,,lowered,,
8930363225,node,22.2904304,113.9440048,,,yes,
8932226580,node,22.3674073,114.111089,,lowered,,
8938945511,node,22.3809858,113.9726206,,lowered,,
8941028429,node,22.3724513,114.1054777,,lowered,,
8941028430,node,22.3726413,114.1054865,,flush,,
8941028431,node,22.3727366,114.1057026,,lowered,,
8941028432,node,22.3727054,114.1056131,,flush,,
8941028433,node,22.3727018,114.1056,,flush,,
8941028434,node,22.372677,114.105534,,flush,,
8941028435,node,22.3727615,114.105434,,flush,,
8941028436,node,22.372838,114.1053852,,lowered,,
8941028453,node,22.3725433,114.1047306,,lowered,,
8941720132,node,22.3938263,113.9719668,,lowered,,
8941720168,node,22.3884043,113.9707422,,flush,,
8945198355,node,22.4212411,113.9839985,,lowered,,
8945198356,node,22.4212857,113.9840439,,lowered,,
8945198357,node,22.4212139,113.9840074,,flush,,
8945198375,node,22.4211571,113.9840713,,flush,,
8946269271,node,22.3671702,114.1108994,,,yes,steps
8946696554,node,22.4356499,114.0007584,,lowered,,
8946696556,node,22.4357215,114.00087,,lowered,,
8946696557,node,22.4357774,114.0008242,,flush,,
8946696558,node,22.43579,114.0008137,,flush,,
8946696559,node,22.4358131,114.0007955,,flush,,
8946696560,node,22.4358099,114.0007357,,flush,,
8946696561,node,22.4358739,114.0006854,,lowered,,
8946696562,node,22.4359288,114.0007051,,flush,,
8946696563,node,22.435997,114.0006503,,flush,,
8946696573,node,22.4358889,114.0004607,,lowered,,
8946696574,node,22.4359462,114.0005484,,lowered,,
8946696575,node,22.4357773,114.0002944,,lowered,,
8946696579,node,22.435619,114.0000992,,flush,,give_way
8946696580,node,22.435573,114.0000375,,flush,,give_way
8946696581,node,22.4354938,113.9999307,,flush,,give_way
8946696582,node,22.4354905,113.9998604,,flush,,give_way
8948867154,node,22.4385383,114.0043706,,flush,,stop
8948867155,node,22.4385157,114.004337,,flush,,stop
8948867156,node,22.4384941,114.0043048,,flush,,stop
8948867157,node,22.4384585,114.0042491,,flush,,stop
8948867158,node,22.4384323,114.0042065,,flush,,stop
8948867179,node,22.4382624,114.004386,,lowered,,
8948867180,node,22.4382108,114.0044293,,flush,,
8948867181,node,22.4381946,114.0044428,,flush,,
8948867182,node,22.4381387,114.0044912,,lowered,,
8948867185,node,22.4378299,114.0035806,,flush,,traffic_signals
8948867186,node,22.4379031,114.003525,,flush,,traffic_signals
8948867190,node,22.437811,114.0033517,,lowered,,
8948867191,node,22.4378691,114.0034387,,lowered,,
8957390606,node,22.4430384,114.0122236,,lowered,,
8963297495,node,22.4438939,114.0152362,,lowered,,
8963297497,node,22.4438832,114.0151832,,lowered,,
8963297499,node,22.4437935,114.0147484,,lowered,,
8963297501,node,22.4437786,114.0146809,,lowered,,
8986823947,node,22.4454567,114.0172259,,lowered,,
8986824008,node,22.4443293,114.0163073,,lowered,,
8986824009,node,22.4443207,114.0163495,,lowered,,
8987284515,node,22.3673319,114.1135797,,,yes,
8987284581,node,22.3694382,114.1126644,,lowered,,
8993063140,node,22.4458748,114.01849,,lowered,,
8993063150,node,22.4458735,114.0184704,,flush,,
8993063151,node,22.4458381,114.0184092,,flush,,
8993063156,node,22.4458581,114.0184799,,flush,,give_way
8997220587,node,22.4466423,114.0198275,,lowered,,
8997220588,node,22.4465806,114.0197105,,lowered,,
8997220590,node,22.4465763,114.0198008,,lowered,,
8998411150,node,22.4449516,114.0189049,,lowered,,
8998411171,node,22.4444549,114.0215228,,lowered,,
8998411179,node,22.4441964,114.0193547,,lowered,,
8998411182,node,22.4442266,114.0195813,,lowered,,
8998411189,node,22.4439799,114.0179833,,lowered,,
8998411190,node,22.4440415,114.0184078,,lowered,,
8998411203,node,22.4443132,114.0187251,,lowered,,
8998411204,node,22.4442991,114.0186162,,lowered,,
9004638056,node,22.4509856,114.0072428,,flush,,
9004638057,node,22.4509759,114.0072292,,flush,,
9004638058,node,22.4509388,114.0071742,,lowered,,
9004638059,node,22.451211,114.0072814,,flush,,
9004638060,node,22.4512212,114.0072748,,flush,,
9004638061,node,22.451105,114.0069691,,lowered,,
9004638062,node,22.4509468,114.0071364,,lowered,,
9004638063,node,22.451043,114.0070552,,flush,,
9004638064,node,22.451046,114.006998,,flush,,
9004649263,node,22.4514484,114.0087042,,lowered,,
9004649264,node,22.4517437,114.0092644,,flush,,
9004649265,node,22.4517281,114.0093361,,flush,,
9004649266,node,22.4518765,114.0093146,,lowered,,
9004649267,node,22.4512704,114.0070637,,flush,,
9004649268,node,22.4512628,114.0070477,,flush,,
9004649286,node,22.4459125,114.0392324,,lowered,,
9004649516,node,22.4464697,114.0394677,,lowered,,
9004665720,node,22.4464353,114.0395114,,lowered,,
9007743710,node,22.3307185,114.1499436,,lowered,,
9007886678,node,22.4481935,114.0216651,,lowered,,
9007886686,node,22.4483137,114.0216955,,lowered,,
9007886695,node,22.4482982,114.021629,,lowered,,
9007886696,node,22.4482082,114.0216774,,lowered,,
9007896086,node,22.4480196,114.021575,,lowered,,
9007896087,node,22.4482919,114.0214676,,lowered,,
9008228753,node,22.3923205,114.2084181,,flush,,crossing
9010324402,node,22.4486465,114.0188964,,lowered,,
9010363195,node,22.4481308,114.0184461,,lowered,,
9019883556,node,22.4493774,114.0211729,,lowered,,
9019883557,node,22.4494187,114.0212448,,flush,,
9019883558,node,22.4494325,114.0212682,,flush,,
9019883559,node,22.449478,114.0213641,,lowered,,
9019883560,node,22.4494632,114.0213279,,lowered,,
9019883561,node,22.4495073,114.0213469,,lowered,,
9019883562,node,22.4495857,114.0213001,,lowered,,
9019883563,node,22.4496555,114.0213291,,lowered,,
9019883564,node,22.4497209,114.0212884,,lowered,,
9025666865,node,22.4505159,114.0265466,,lowered,,
9025666866,node,22.4505545,114.0264725,,lowered,,
9025666867,node,22.4505326,114.0264192,,lowered,,
9025666868,node,22.4505895,114.0263272,,lowered,,
9025666869,node,22.4506517,114.0263114,,lowered,,
9025666870,node,22.450737,114.0263801,,lowered,,
9025666871,node,22.4508041,114.0263399,,lowered,,
9025666872,node,22.4509019,114.0264082,,flush,,
9025666873,node,22.4517128,114.0271338,,flush,,
9025666874,node,22.4519593,114.0275091,,flush,,
9025666875,node,22.4519717,114.0274888,,flush,,
9025666889,node,22.4509034,114.0285464,,lowered,,
9025666891,node,22.4516233,114.027268,,flush,,
9025666892,node,22.4516295,114.0272581,,flush,,
9025666893,node,22.4509619,114.0285709,,flush,,
9025666894,node,22.450979,114.0285845,,flush,,
9025666895,node,22.4510377,114.0286299,,lowered,,
9025666897,node,22.4520361,114.0273912,,flush,,
9025666901,node,22.4517354,114.027487,,flush,,
9025666902,node,22.4517203,114.027475,,flush,,
9025666911,node,22.4525902,114.0281611,,lowered,,
9025666912,node,22.4524971,114.0280901,,lowered,,
9025689330,node,22.4520188,114.0274161,,flush,,
9025689333,node,22.4516906,114.0271649,,flush,,
9025689334,node,22.4508656,114.0263836,,lowered,,
9025689339,node,22.450916,114.0285376,,flush,,
9050844571,node,22.3273248,114.213919,,flush,,
9061718476,node,22.5264428,114.048444,,,yes,
9061784749,node,22.5264437,114.0485374,,,yes,
9062205662,node,22.5257882,114.0485191,,,yes,
9065662882,node,22.296266,113.9356483,,lowered,,
9079961607,node,22.4486671,114.0304764,,flush,,
9079961608,node,22.4486793,114.0304601,,flush,,
9079961609,node,22.4486291,114.0305244,,flush,,
9079963518,node,22.4489195,114.030855,,lowered,,
9079963522,node,22.4489641,114.0308879,,lowered,,
9079963539,node,22.4471337,114.0298278,,lowered,,
9079963550,node,22.4499102,114.0316121,,lowered,,
9079963553,node,22.4499768,114.031658,,lowered,,
9079963554,node,22.4502405,114.0316652,,flush,,
9079963557,node,22.450274,114.0316139,,lowered,,
9079963568,node,22.4485962,114.0305709,,lowered,,
9079963569,node,22.4486124,114.0305474,,flush,,
9079963597,node,22.4487354,114.0303652,,lowered,,
9079963598,node,22.4486998,114.0303335,,flush,,
9079963599,node,22.4486635,114.0303101,,flush,,
9079963600,node,22.4485626,114.0302331,,lowered,,
9079963609,node,22.44872,114.0304095,,lowered,,
9079963616,node,22.4491386,114.0296796,,lowered,,
9079963618,node,22.449138,114.0296527,,flush,,
9079963620,node,22.4484036,114.0301593,,lowered,,
9079963622,node,22.4490187,114.0295351,,lowered,,
9079963624,node,22.4491335,114.0296209,,flush,,
9079963663,node,22.4500224,114.0313488,,lowered,,
9079963664,node,22.4501197,114.0314173,,lowered,,
9079963669,node,22.4518694,114.0302575,,lowered,,
9079963670,node,22.4518,114.0302004,,lowered,,
9079963691,node,22.4525304,114.0294363,,lowered,,
9079963692,node,22.4525915,114.0294593,,lowered,,
9079963707,node,22.4511994,114.0312319,,lowered,,
9079963724,node,22.4504454,114.0317195,yes,raised,,
9079963726,node,22.4509239,114.031502,,lowered,,
9079963729,node,22.4510383,114.0313399,yes,raised,,
9079963730,node,22.4524366,114.0298174,,lowered,,
9079963755,node,22.4515417,114.0305912,,lowered,,
9079963756,node,22.4517212,114.0303185,,lowered,,
9079963765,node,22.4521317,114.0311468,,lowered,,
9079963767,node,22.4521671,114.0310861,,lowered,,
9079963771,node,22.4519556,114.0310249,,lowered,,
9079963819,node,22.4498936,114.0315811,,lowered,,
9079963827,node,22.450242,114.031205,yes,raised,,
9079963828,node,22.4501939,114.0312757,yes,raised,,
9079963855,node,22.4498957,114.0300653,,lowered,,
9079963856,node,22.4496678,114.0298768,,lowered,,
9079963899,node,22.4493009,114.0295873,,lowered,,
9079963942,node,22.4501849,114.0281959,,lowered,,
9079963945,node,22.4490082,114.027394,,lowered,,
9079964006,node,22.4477116,114.0296967,,lowered,,
9079964027,node,22.450205,114.0317194,,lowered,,
9079964028,node,22.4491485,114.0294725,,lowered,,
9105636845,node,22.5274254,113.9491399,,lowered,,crossing
9105636846,node,22.5274946,113.9491387,,lowered,,crossing
9115676476,node,22.2928547,113.9515987,,lowered,,crossing
9122604315,node,22.2877039,114.1893566,,,yes,
9125470645,node,22.3110145,114.171716,,lowered,,
9125694018,node,22.3324571,114.1983742,,lowered,,
9129582192,node,22.3130856,114.2169528,,lowered,,
9129582206,node,22.3140754,114.2159797,,lowered,,
9129582207,node,22.3140302,114.2160187,,lowered,,
9129582214,node,22.3122302,114.2177292,,lowered,,
9129582215,node,22.3121754,114.2177542,,lowered,,
9129582216,node,22.312221,114.2177032,,lowered,,
9129596217,node,22.3116986,114.218249,,lowered,,
9129596218,node,22.3117491,114.2182066,,lowered,,
9129596219,node,22.3117322,114.2182451,,lowered,,
9129596276,node,22.3132154,114.2167178,,flush,,crossing
9129596342,node,22.3091348,114.2297232,,lowered,,
9129596347,node,22.3105944,114.2315253,,lowered,,
9129596348,node,22.3110261,114.2321298,,lowered,,
9129596375,node,22.3155463,114.2143853,,lowered,,
9129596376,node,22.3150267,114.214926,,lowered,,
9129596413,node,22.3163066,114.2135235,,lowered,,
9129596488,node,22.3109268,114.2281305,,lowered,,
9129596505,node,22.3088243,114.2267698,,lowered,,
9129596508,node,22.3095938,114.2286888,,lowered,,
9129596509,node,22.3099291,114.2289231,,lowered,,
9129596579,node,22.3092216,114.2220151,,lowered,,
9129596629,node,22.3111898,114.2186402,,lowered,,
9129596632,node,22.3123988,114.2175425,,lowered,,
9129596633,node,22.3126215,114.2172874,,lowered,,
9129596634,node,22.3131141,114.2167693,,lowered,,
9129596635,node,22.3137137,114.216143,,lowered,,
9129596636,node,22.3141904,114.2157139,,lowered,,
9129596675,node,22.3110044,114.2187891,,lowered,,
9138253235,node,22.2841474,114.1551304,,lowered,,
9153826871,node,22.3763753,114.1810319,,,yes,
9157794258,node,22.3963653,114.2097948,,lowered,,
9160033155,node,22.4459451,114.0337768,,,yes,
9163915178,node,22.3777181,114.1750927,,,yes,
9164857916,node,22.3906369,114.208175,,lowered,,
9164870017,node,22.3905488,114.2082137,,lowered,,
9167135639,node,22.3351854,114.2049422,,lowered,,
9167135713,node,22.3408955,114.1985462,,lowered,,
9167135714,node,22.3406202,114.1981923,,lowered,,
9167135715,node,22.3404935,114.1984458,,lowered,,
9167135716,node,22.3405951,114.1983971,,lowered,,
9167143217,node,22.3406056,114.1983,,lowered,,
9167143218,node,22.3406077,114.1982831,,lowered,,
9167143246,node,22.3376246,114.2023324,,lowered,,
9167143296,node,22.3370114,114.2044204,,lowered,,
9167143298,node,22.337255,114.2035952,,lowered,,
9167143299,node,22.3372861,114.2034049,,lowered,,
9167143300,node,22.3373113,114.2033695,,lowered,,
9167143301,node,22.3372954,114.2034647,,lowered,,
9167143302,node,22.3372969,114.2032817,,lowered,,
9167143304,node,22.3378551,114.2036332,,lowered,,
9167143314,node,22.3391431,114.1995453,,lowered,,
9167147631,node,22.3902405,114.2062852,,flush,,crossing
9168182941,node,22.3345258,114.2084424,,lowered,,
9170198171,node,22.3377441,114.2024557,,flush,,
9170198172,node,22.3377021,114.2024338,,flush,,
9171355171,node,22.3391944,114.1995587,,lowered,,
9171355175,node,22.3382829,114.2037876,,lowered,,
9171355176,node,22.3382716,114.2037456,,lowered,,
9171355182,node,22.3378346,114.2025016,,lowered,,
9171355183,node,22.3376441,114.2024061,,lowered,,
9171436592,node,22.2700791,114.1496845,,,yes,
9173233142,node,22.3435205,114.1958288,,lowered,,
9173233143,node,22.3434615,114.195817,,lowered,,
9177254005,node,22.2640059,114.1901164,,lowered,,
9177254006,node,22.2640475,114.1900912,,lowered,,
9177254007,node,22.264288,114.1898478,,lowered,,
9177254008,node,22.2642703,114.1898785,,lowered,,
9177254016,node,22.2654903,114.1888381,,lowered,,
9177281017,node,22.2659084,114.1886849,,lowered,,
9189029865,node,22.2818683,114.1564949,,lowered,,
9189029931,node,22.2810288,114.1588092,,lowered,,
9189029932,node,22.2810529,114.1587351,,lowered,,
9195795803,node,22.2855244,114.2113892,,lowered,,
9197539597,node,22.3267303,114.1704417,,lowered,,
9197539606,node,22.324769,114.1732146,,lowered,,
9197539607,node,22.3245512,114.1721215,,flush,,
9197539608,node,22.3245545,114.1721419,,flush,,
9197539609,node,22.3245611,114.1721837,,lowered,,
9197712765,node,22.3271083,114.1722112,,lowered,,
9197712775,node,22.3272898,114.1722971,,lowered,,
9199524739,node,22.3266776,114.173699,,lowered,,
9199524742,node,22.326673,114.1736189,,lowered,,
9199524770,node,22.3280117,114.1720674,,lowered,,
9199524771,node,22.3279322,114.1720769,,lowered,,
9199524772,node,22.327744,114.1720843,,lowered,,
9199524773,node,22.3271642,114.1720125,,lowered,,
9199524774,node,22.3270639,114.1720153,,lowered,,
9199686566,node,22.5640009,114.124582,,flush,,crossing
9199686582,node,22.5639666,114.12468,,flush,,crossing
9199686594,node,22.5675364,114.1251819,,flush,,crossing
9199686596,node,22.5675295,114.1250788,,flush,,crossing
9199686598,node,22.5673402,114.124981,,flush,,crossing
9211773380,node,22.3812273,113.9739929,,lowered,,
9221275753,node,22.28057,114.1737521,,flush,,
9221275754,node,22.2805652,114.1736958,,flush,,
9221275755,node,22.2805427,114.1732813,,flush,,
9221275756,node,22.2805392,114.1732375,,flush,,
9225900698,node,22.2870349,114.1375512,,lowered,,
9231194513,node,22.282002,114.1512933,,lowered,,
9231274040,node,22.2821084,114.1504588,,lowered,,
9231274041,node,22.2821494,114.1504354,,lowered,,
9232631410,node,22.2807404,114.1863782,,lowered,,
9232631411,node,22.2805758,114.1860933,,lowered,,stop
9232631412,node,22.2805381,114.1859535,,lowered,,
9232866419,node,22.2804471,114.1856621,,lowered,,
9232866436,node,22.2802562,114.1848491,,lowered,,
9232866437,node,22.2802934,114.1849505,,lowered,,
9234884528,node,22.2812196,114.1866009,,lowered,,
9234884529,node,22.281529,114.1864926,,lowered,,
9244616007,node,22.2827493,114.1505115,,lowered,,
9244616008,node,22.2827811,114.1504647,,lowered,,
9244616014,node,22.2827754,114.150551,,lowered,,
9244626230,node,22.2836213,114.147047,,lowered,,
9244626322,node,22.285074,114.1449624,,lowered,,
9244626323,node,22.285026,114.1444581,,flush,,
9244626328,node,22.2850238,114.1445167,,flush,,
9244626365,node,22.2851061,114.1435883,,lowered,,crossing
9244626366,node,22.2851018,114.1436904,,lowered,,crossing
9244626367,node,22.2850564,114.1436145,,flush,,crossing
9244626381,node,22.284463,114.1426459,,lowered,,
9244626393,node,22.2840315,114.1403814,,lowered,,
9244626394,node,22.2840211,114.1402999,,lowered,,
9244626437,node,22.2843892,114.1431009,,lowered,,
9295851541,node,22.2787013,114.1668781,,,yes,
9307154430,node,22.2871646,114.1448358,,lowered,,
9307154434,node,22.2871695,114.144759,,lowered,,
9326974496,node,22.5188095,114.0458971,,,yes,
9329731008,node,22.3326682,114.2048362,,lowered,,
9329731009,node,22.3331183,114.2038342,,lowered,,
9329731010,node,22.3332252,114.2041117,,lowered,,
9329731011,node,22.3342896,114.2044737,,lowered,,
9329731012,node,22.3339834,114.2031986,,lowered,,
9329731013,node,22.3343942,114.2035089,,lowered,,
9331790847,node,22.3335247,114.201069,,lowered,,
9331790848,node,22.3333914,114.2011508,,lowered,,
9331790850,node,22.3332732,114.2012125,,,yes,
9352749749,node,22.3621744,114.0402498,,,yes,
9364996805,node,22.5522841,114.0623565,,,yes,
9365104225,node,22.3918015,113.9760309,,,yes,
9365482108,node,22.2861313,114.1423529,,lowered,,
9365482109,node,22.2861619,114.1423541,,lowered,,
9365500143,node,22.2856256,114.1423148,,lowered,,
9365500144,node,22.2856818,114.142317,,lowered,,
9365500145,node,22.2856365,114.1421486,,lowered,,
9365500146,node,22.2856846,114.1421498,,lowered,,
9365500173,node,22.2856065,114.1422242,,flush,,
9365500185,node,22.2856155,114.1422246,,flush,,
9365500219,node,22.2851957,114.1421668,,lowered,,
9365500220,node,22.2851938,114.142208,,lowered,,
9365500223,node,22.2854578,114.142226,,flush,,
9365500236,node,22.2851422,114.1421129,,lowered,,
9365500237,node,22.285184,114.1421144,,lowered,,
9365500238,node,22.2851803,114.1422513,,lowered,,
9365500239,node,22.2851387,114.1422651,,lowered,,
9365500247,node,22.2851019,114.1422274,,lowered,,
9365500248,node,22.2851032,114.1421577,,lowered,,
9366605478,node,22.3316261,114.1670826,,,yes,elevator
9366745179,node,22.3400591,114.2029048,,,yes,
9373419246,node,22.4258615,114.2342533,,lowered,,
9373419253,node,22.4265155,114.2339766,,lowered,,
9376257845,node,22.4114594,114.2216697,,lowered,,
9376257859,node,22.4138474,114.2223598,,flush,,crossing
9376257861,node,22.413833,114.2224214,,flush,,crossing
9376257885,node,22.4111617,114.2216171,,lowered,,
9378459081,node,22.4083686,114.2203608,,flush,,crossing
9378459082,node,22.4090079,114.2206408,,lowered,,
9378459083,node,22.4084066,114.2202679,,lowered,,
9378459088,node,22.4090241,114.2208609,,flush,,crossing
9378483522,node,22.4089471,114.2209118,,lowered,,
9378483523,node,22.4090152,114.2209515,,lowered,,
9378483524,node,22.4087378,114.2214626,,lowered,,
9378483540,node,22.4089646,114.220722,,flush,,crossing
9394118030,node,22.3221263,114.2302265,,lowered,,
9409326165,node,22.3392391,114.1994564,,lowered,,
9422950944,node,22.552763,113.9540306,,,yes,
9457162921,node,22.3189899,114.1667585,,lowered,,
9457162923,node,22.3189837,114.1667215,,lowered,,
9457162932,node,22.3192529,114.1684001,,lowered,,
9457162949,node,22.3192423,114.1683381,,lowered,,
9472298599,node,22.3130955,114.2618442,,,yes,
9482754831,node,22.3341099,114.1971182,,lowered,,
9499978607,node,22.355142,114.250793,,,yes,
9523050843,node,22.4267475,114.2011154,,,yes,
9531567465,node,22.2190117,114.2126091,,,yes,
9565172213,node,22.3270854,114.199437,,lowered,,
9565172214,node,22.3271623,114.1993522,,lowered,,
9565172215,node,22.3252653,114.1990374,,lowered,,
9565201323,node,22.3266634,114.1989678,,lowered,,
9565201334,node,22.3267226,114.1989018,,lowered,,
9629295712,node,22.2858985,114.1618612,,lowered,,
9630527137,node,22.5224276,114.047911,,,yes,
9631410857,node,22.249638,114.1473047,,flush,,crossing
9639210910,node,22.3708662,114.1984742,,lowered,,
9639582418,node,22.3682107,114.1984206,,lowered,,
9639582461,node,22.3676337,114.1992166,,lowered,,
9644947417,node,22.2628914,114.2355101,,,yes,
9648920894,node,22.4196332,114.1998534,,lowered,,
9648920900,node,22.420101,114.1962614,,flush,,
9651935577,node,22.4444581,114.176237,,lowered,,
9651935601,node,22.4426956,114.1769336,,lowered,,
9651935602,node,22.4428719,114.1768798,,lowered,,
9651935605,node,22.4444825,114.1764153,,lowered,,
9651935606,node,22.4444886,114.1763686,,flush,,
9651935607,node,22.4444908,114.1763511,,flush,,
9651935608,node,22.4444942,114.1763185,,lowered,,
9651935609,node,22.4446359,114.1763131,,lowered,,
9653896418,node,22.4311036,114.1947323,,lowered,,
9653896451,node,22.4258521,114.1963906,,lowered,,
9657680496,node,22.5460626,113.9223226,,lowered,,crossing
9657680499,node,22.5461938,113.9226107,,lowered,,crossing
9663375815,node,22.5614703,113.9466376,,lowered,,crossing
9663375818,node,22.5614714,113.9467045,,lowered,,crossing
9663375819,node,22.5611811,113.9466438,,lowered,,crossing
9663375820,node,22.56118,113.9467085,,lowered,,crossing
9663375823,node,22.5613399,113.9465575,,lowered,,crossing
9663375824,node,22.5613435,113.9468055,,lowered,,crossing
9663375825,node,22.5589949,113.9469522,,lowered,,crossing
9663375826,node,22.5590117,113.9470211,,lowered,,crossing
9670126113,node,22.4111069,114.2232171,,flush,,crossing
9670126115,node,22.4110549,114.2230551,,flush,,crossing
9671682433,node,22.5062594,114.1536233,,lowered,,
9672056463,node,22.3748549,114.186981,,,yes,
9681896784,node,22.2813987,114.1747559,,lowered,,
9684737753,node,22.304476,114.2529502,,,yes,
9684737754,node,22.3045935,114.2528322,,,yes,
9689097383,node,22.4606085,114.0044081,,,yes,
9689097417,node,22.4598896,114.004773,,,yes,
9705188417,node,22.2810055,114.159658,,,yes,
9709025140,node,22.4431846,114.0201498,,lowered,,
9710467092,node,22.2778456,114.1817929,,lowered,,give_way
9710467107,node,22.2782944,114.18142,,lowered,,
9710475080,node,22.2762575,114.1805635,,lowered,,crossing
9710475086,node,22.2763752,114.1803479,,lowered,,crossing
9710475092,node,22.2764342,114.1804538,,lowered,,crossing
9710475097,node,22.2765181,114.1805635,,lowered,,crossing
9711524217,node,22.281697,114.1891244,,,yes,
9713090809,node,22.2817835,114.1750624,,lowered,,
9720043272,node,22.2875969,114.1351744,,lowered,,
9720043273,node,22.2875522,114.1352466,,lowered,,
9726177447,node,22.5249482,114.047898,,,yes,
9732258462,node,22.2779328,114.1796834,,lowered,,
9732258466,node,22.2779986,114.1797163,,lowered,,
9732258480,node,22.2778375,114.176533,,lowered,,
9732258482,node,22.2778649,114.1766398,,lowered,,
9732258483,node,22.2778373,114.1767749,,lowered,,
9732258488,node,22.2767673,114.1758333,,lowered,,
9732258521,node,22.2768598,114.1752629,,lowered,,
9732258531,node,22.2768164,114.1754163,,lowered,,
9732258542,node,22.2767625,114.1757863,,lowered,,
9732258585,node,22.2767707,114.1747768,,flush,,
9732258586,node,22.2767637,114.1748406,,flush,,
9732258604,node,22.2767199,114.1733985,,lowered,,
9736392772,node,22.2772232,114.1749197,,lowered,,
9736392780,node,22.2788298,114.1746969,,lowered,,
9736392792,node,22.2787949,114.1745379,,lowered,,
9736392804,node,22.2768998,114.1751213,,flush,,
9736392805,node,22.2769239,114.175215,,flush,,
9736392806,node,22.2769374,114.1751003,,lowered,,
9739092939,node,22.2817787,114.1751172,,lowered,,
9739092940,node,22.2817776,114.1751299,,lowered,,
9739092941,node,22.2817735,114.1751765,,lowered,,
9739092942,node,22.2817727,114.1751858,,lowered,,
9739092943,node,22.2817684,114.1752354,,lowered,,
9739092944,node,22.2817676,114.1752437,,lowered,,
9739092945,node,22.2817632,114.1752945,,lowered,,
9739092946,node,22.2817625,114.1753027,,lowered,,
9739092947,node,22.2817547,114.1753909,,lowered,,
9739092948,node,22.2817539,114.1754011,,lowered,,
9739092949,node,22.2817495,114.1754511,,lowered,,
9739092950,node,22.2817486,114.1754614,,lowered,,
9739092951,node,22.2817444,114.1755096,,lowered,,
9739092952,node,22.2817433,114.1755213,,lowered,,
9739092953,node,22.2817392,114.1755685,,lowered,,
9739092954,node,22.281738,114.1755821,,lowered,,
9739092955,node,22.2817341,114.1756264,,lowered,,
9739092956,node,22.2817327,114.1756424,,lowered,,
9739092957,node,22.2817258,114.1757216,,lowered,,
9739092958,node,22.2817243,114.1757393,,lowered,,
9739092959,node,22.2817206,114.1757807,,lowered,,
9739092960,node,22.2817194,114.1757954,,lowered,,
9739092961,node,22.2817155,114.1758397,,lowered,,
9739092962,node,22.2817143,114.1758532,,lowered,,
9739092963,node,22.2817074,114.1759331,,lowered,,
9739092964,node,22.2817373,114.175949,,lowered,,
9739092965,node,22.2817331,114.1760036,,lowered,,
9739092966,node,22.2812626,114.1747054,,lowered,,
9754467059,node,22.4469745,114.0308716,,lowered,,
9754467060,node,22.4469487,114.0309067,,lowered,,
9754467066,node,22.4470822,114.029907,,lowered,,
9754467067,node,22.4471544,114.0299623,,lowered,,
9754467068,node,22.447199,114.0299349,,lowered,,
9754467069,node,22.4472798,114.0298025,,lowered,,
9754467070,node,22.447513,114.0298072,,lowered,,
9754467071,node,22.4476315,114.0298308,,lowered,,
9754467072,node,22.4478029,114.0296162,,lowered,,
9754467073,node,22.4476719,114.0298704,,lowered,,
9754467074,node,22.4476924,114.0299738,,lowered,,
9754467075,node,22.4476946,114.0299865,,lowered,,
9754467076,node,22.4476988,114.0300116,,lowered,,
9754467087,node,22.4464262,114.0315614,,lowered,,
9754485911,node,22.4450477,114.0311393,,lowered,,
9754492222,node,22.4454412,114.0321213,,lowered,,
9756915845,node,22.4447176,114.038665,,lowered,,
9756915847,node,22.4445843,114.0377001,,lowered,,
9756915850,node,22.4445988,114.0368931,,lowered,,
9756915851,node,22.4445966,114.0369671,,lowered,,
9756915861,node,22.4445745,114.0370037,,lowered,,give_way
9756915862,node,22.4445759,114.0368467,,lowered,,give_way
9756915865,node,22.4445924,114.0378053,,lowered,,
9756915882,node,22.4455308,114.0326578,,lowered,,
9756915883,node,22.4455806,114.032792,,lowered,,
9763330090,node,22.3238536,114.2257136,,lowered,,
9763330092,node,22.3239117,114.2259351,,lowered,,
9763330105,node,22.3239041,114.2261652,,lowered,,
9763330106,node,22.3237432,114.2261385,,lowered,,
9763330113,node,22.3240437,114.2262846,,lowered,,
9763330116,node,22.3238246,114.22565,,lowered,,
9763330117,node,22.3236949,114.2261593,,lowered,,
9763384814,node,22.2823094,114.1921079,,lowered,,
9763403353,node,22.2821435,114.1920286,,lowered,,
9763403354,node,22.2820039,114.1919041,,lowered,,
9763403356,node,22.281993,114.1917964,,lowered,,
9763403392,node,22.2820869,114.1913045,,lowered,,
9763403393,node,22.282075,114.1911735,,lowered,,
9763403482,node,22.2833988,114.1933193,,lowered,,
9763403484,node,22.2833616,114.1933078,,lowered,,
9763887245,node,22.2876407,114.1942243,,lowered,,
9763887247,node,22.2873534,114.195437,,lowered,,
9763887262,node,22.2881528,114.1953186,,lowered,,
9763887272,node,22.2882222,114.1952757,,lowered,,
9763887448,node,22.2845852,114.1994517,,lowered,,
9763887451,node,22.2846356,114.1994658,,lowered,,
9763887620,node,22.288043,114.1986928,,lowered,,
9763887621,node,22.2879622,114.1986457,,lowered,,
9767598090,node,22.3626192,114.1140445,,lowered,yes,
9767598091,node,22.3625634,114.1139764,,lowered,yes,
9767598092,node,22.362636,114.1145078,,lowered,yes,
9767598113,node,22.3626944,114.1145537,,lowered,yes,
9771159023,node,22.3153672,114.1706429,,,yes,
9775254422,node,22.3538143,114.1088971,,lowered,yes,
9775254425,node,22.3537888,114.1089096,,lowered,yes,
9775254426,node,22.3537641,114.1089211,,lowered,yes,
9775254427,node,22.3537372,114.1089337,,lowered,,
9775254428,node,22.3537098,114.1089466,,lowered,yes,
9775254442,node,22.3536531,114.108973,,lowered,yes,
9776675652,node,22.3544722,114.1039275,,lowered,limited,
9776675653,node,22.3544707,114.1038514,,lowered,limited,
9776894706,node,22.3553604,114.103822,,lowered,,
9776894707,node,22.3553697,114.1039429,,lowered,,
9778350822,node,22.3539652,114.1091826,,lowered,,
9778552596,node,22.3684216,114.1151567,,,yes,bus_stop
9779406205,node,22.3620789,114.1129474,,lowered,,
9779406206,node,22.3620586,114.1130017,,lowered,,
9779406210,node,22.3627862,114.1133037,,lowered,,
9779406211,node,22.3628059,114.1132495,,lowered,,
9779433055,node,22.3635019,114.1139503,,lowered,,
9779433061,node,22.363573,114.1138635,,lowered,,
9779433070,node,22.3634981,114.1140099,,lowered,,
9779433072,node,22.3636254,114.1141296,,lowered,,
9785050372,node,22.3349965,114.1993619,,flush,,crossing
9785050373,node,22.335057,114.1995342,,flush,,crossing
9785050376,node,22.3345788,114.1979233,,lowered,,
9785050379,node,22.3345787,114.1979757,,lowered,,
9785050382,node,22.3345489,114.1980192,,lowered,,
9785050384,node,22.3345129,114.1980368,,lowered,,
9785067392,node,22.3325604,114.1986248,,flush,,
9795007224,node,22.3678874,114.1153854,,lowered,,
9795007225,node,22.3679501,114.1154236,,flush,,
9795007226,node,22.3679616,114.1154305,,flush,,
9795007227,node,22.3680217,114.1154671,,flush,,
9795007228,node,22.3680675,114.1154447,,flush,,
9795007229,node,22.3681332,114.1154879,,flush,,
9795007230,node,22.3681223,114.1154808,,flush,,
9795007231,node,22.3681873,114.1155241,,lowered,,
9795007233,node,22.3685472,114.114892,,lowered,,
9795007234,node,22.3685975,114.1148031,,lowered,,
9795007241,node,22.3691441,114.1139562,,lowered,,
9795007243,node,22.3691159,114.1140059,,lowered,,
9795007249,node,22.3688992,114.1140834,,flush,,
9795007250,node,22.3688901,114.1140771,,flush,,
9795007252,node,22.3686414,114.114007,,lowered,,
9795007253,node,22.3686968,114.1140456,,flush,,
9795007254,node,22.3687083,114.1140537,,flush,,
9795007255,node,22.3687639,114.1140924,,flush,,
9796392307,node,22.4542355,114.188318,,flush,,
9796392308,node,22.4542356,114.1883241,,flush,,
9796392309,node,22.454236,114.1883962,,lowered,,
9796392311,node,22.4542351,114.1882466,,lowered,,
9796398821,node,22.4571343,114.1882432,,lowered,,
9796398822,node,22.4571348,114.1883146,,flush,,
9796398823,node,22.4571348,114.1883207,,flush,,
9796398824,node,22.4571352,114.1883929,,lowered,,
9796398829,node,22.4569381,114.1881807,,lowered,,
9796398830,node,22.457004,114.1881813,,flush,,
9796398831,node,22.4570097,114.1881813,,flush,,
9796398832,node,22.4570764,114.1881819,,lowered,,
9796398835,node,22.4568861,114.1882435,,lowered,,
9796398836,node,22.4568855,114.1883149,,flush,,
9796398837,node,22.4568854,114.188321,,flush,,
9796398838,node,22.4568849,114.1883932,,lowered,,
9796398864,node,22.457485,114.188222,,lowered,,
9796398865,node,22.45744,114.1882219,,lowered,,
9796398894,node,22.4570961,114.1875905,,lowered,,
9796398895,node,22.4570959,114.1877201,,lowered,,
9796639954,node,22.4579842,114.1882418,,lowered,,
9796639955,node,22.4579847,114.1883132,,flush,,
9796639956,node,22.4579847,114.1883193,,flush,,
9796639957,node,22.4579851,114.1883915,,lowered,,
9796639969,node,22.4576898,114.187609,,lowered,,
9796639970,node,22.4576899,114.1876847,,flush,,
9796639971,node,22.45769,114.1877091,,flush,,
9796639972,node,22.4576901,114.1877434,,flush,,
9796639973,node,22.4576902,114.187767,,flush,,
9796639974,node,22.4576902,114.1878028,,flush,,
9796639975,node,22.4576903,114.1878254,,flush,,
9796639976,node,22.4576904,114.1878628,,flush,,
9796639977,node,22.4576904,114.1878857,,flush,,
9796639978,node,22.4576905,114.1879274,,flush,,
9796639979,node,22.4576906,114.1879512,,flush,,
9796639980,node,22.4576907,114.1879824,,lowered,,
9796640007,node,22.4570768,114.1863188,,lowered,,
9796640009,node,22.4570101,114.1863182,,flush,,
9796640010,node,22.4570044,114.1863182,,flush,,
9796640011,node,22.4569385,114.1863176,,lowered,,
9796640014,node,22.4570764,114.1866369,,lowered,,
9796640016,node,22.4570097,114.1866374,,flush,,
9796643817,node,22.457004,114.1866375,,flush,,
9796643818,node,22.4569378,114.1866376,,lowered,,
9796643821,node,22.457077,114.187535,,lowered,,
9796643823,node,22.4570103,114.1875344,,flush,,
9796643824,node,22.4570046,114.1875344,,flush,,
9796643825,node,22.4569387,114.1875338,,lowered,,
9796643846,node,22.4570765,114.185067,,lowered,,
9796643847,node,22.4570098,114.1850664,,flush,,
9796643848,node,22.4570041,114.1850664,,flush,,
9796643849,node,22.4569382,114.1850658,,lowered,,
9796643853,node,22.4570791,114.1847461,,lowered,,
9796643854,node,22.4570124,114.1847455,,flush,,
9796643855,node,22.4570067,114.1847455,,flush,,
9796643856,node,22.4569408,114.1847452,,lowered,,
9796773750,node,22.4571549,114.1848453,,lowered,,
9796773751,node,22.4571543,114.1849772,,lowered,,
9796773753,node,22.4580546,114.1849882,,lowered,,
9796773754,node,22.4580535,114.1848347,,lowered,,
9796773756,node,22.4583132,114.1848432,,lowered,,
9796773757,node,22.4583125,114.1849834,,lowered,,
9796773759,node,22.4585983,114.1848456,,lowered,,
9796773760,node,22.4585975,114.1849787,,lowered,,
9796773762,node,22.4586651,114.1850687,,lowered,,
9796773763,node,22.4587784,114.1850681,,lowered,,
9796773765,node,22.4588513,114.18484,,lowered,,
9796773766,node,22.4588525,114.1849812,,lowered,,
9796773769,node,22.4581251,114.1847535,,lowered,,
9796773770,node,22.4582376,114.1847542,,lowered,,
9796825398,node,22.4582288,114.1813403,,lowered,,
9796825399,node,22.4581253,114.1813403,,lowered,,
9796825401,node,22.4583023,114.1811041,,lowered,,
9796825402,node,22.4583028,114.1811755,,flush,,
9796825403,node,22.4583028,114.1811816,,flush,,
9796825404,node,22.4583032,114.1812538,,lowered,,
9799036286,node,22.4580429,114.1811046,,lowered,,
9799036287,node,22.4580434,114.181176,,flush,,
9799036288,node,22.4580434,114.1811821,,flush,,
9799036289,node,22.4580438,114.1812543,,lowered,,
9799036295,node,22.4572028,114.1811071,,lowered,,
9799036296,node,22.4572033,114.1811785,,flush,,
9799036297,node,22.4572033,114.1811869,,flush,,
9799036298,node,22.4572037,114.1812568,,lowered,,
9799036300,node,22.4570138,114.1814851,,flush,,
9799036301,node,22.4569974,114.1814341,,flush,,
9799036302,node,22.4569267,114.1814336,,lowered,,
9799036303,node,22.4570807,114.181485,,lowered,,
9799177779,node,22.4591933,114.1810618,,lowered,,
9799177780,node,22.4591789,114.181062,,flush,,
9799177781,node,22.4591759,114.181062,,flush,,
9799177785,node,22.4592029,114.1809692,,lowered,,
9799177786,node,22.459185,114.1809707,,flush,,
9799177787,node,22.4591852,114.1809386,,flush,,
9799177788,node,22.4592031,114.180942,,lowered,,
9799177789,node,22.4591082,114.1810627,,flush,,
9799177790,node,22.4590808,114.1809583,,flush,,
9799177791,node,22.4590171,114.1809583,,lowered,,
9799177800,node,22.4589288,114.1812616,,lowered,,
9799177801,node,22.4589284,114.1811851,,flush,,
9799177804,node,22.4588813,114.1811673,,flush,,
9799177805,node,22.4588815,114.1810949,,lowered,,
9804877705,node,22.4036556,114.2123637,,lowered,,
9804877710,node,22.4020441,114.2144902,,lowered,,
9804877711,node,22.4020712,114.2144554,,lowered,,
9804877712,node,22.4020313,114.2144046,,lowered,,
9804899722,node,22.4020057,114.2143789,,lowered,,
9804899742,node,22.4066539,114.2196461,,lowered,,
9804899743,node,22.4065702,114.2197527,,lowered,,
9804899872,node,22.4034527,114.2125898,,lowered,,
9804899875,node,22.4031448,114.2127161,,lowered,,
9804899887,node,22.4062707,114.2189604,,lowered,,
9806877355,node,22.4592315,114.1799534,,lowered,,
9806877356,node,22.4592341,114.1799164,,lowered,,
9806877359,node,22.4592089,114.179963,,flush,,
9806877361,node,22.4592132,114.1799069,,flush,,
9809194109,node,22.456712,114.1777858,,flush,,
9809194111,node,22.4566839,114.1778738,,flush,,
9809225806,node,22.4580378,114.1778221,,lowered,,
9809225809,node,22.4580324,114.1778442,,lowered,,
9809247924,node,22.4577011,114.1774446,,lowered,,
9809247925,node,22.4577047,114.1774206,,lowered,,
9810206078,node,22.4566474,114.1764246,,flush,,
9810206079,node,22.4566923,114.1765263,,flush,,
9810206086,node,22.4571411,114.1770405,,lowered,,
9810206087,node,22.4571879,114.1769388,,lowered,,
9810217328,node,22.4571467,114.176716,,lowered,,
9810217329,node,22.4571922,114.1767656,,lowered,,
9810298240,node,22.4544497,114.1740077,,flush,,
9810298241,node,22.4544063,114.1739774,,flush,,
9810298243,node,22.4545086,114.1740059,,lowered,,
9810298245,node,22.4543395,114.1739773,,lowered,,
9810298258,node,22.4551071,114.1749426,,lowered,,
9810298259,node,22.455109,114.1749879,,lowered,,
9810298260,node,22.4550245,114.1749425,,lowered,,
9810298261,node,22.4550193,114.1749878,,lowered,,
9810358594,node,22.4559089,114.1735355,,lowered,,
9810358595,node,22.4559359,114.1735406,,lowered,,
9810358596,node,22.4559526,114.1733988,,lowered,,
9810358598,node,22.4559291,114.1733959,,lowered,,
9810358628,node,22.4556494,114.1734678,,lowered,,
9810358629,node,22.4556196,114.1734593,,lowered,,
9810358634,node,22.4555992,114.173657,,lowered,,
9810358635,node,22.4556312,114.1736612,,lowered,,
9810372133,node,22.4563969,114.1742373,,lowered,,
9810372134,node,22.4563316,114.1742326,,lowered,,
9810372140,node,22.4569983,114.1742377,,lowered,,
9810372142,node,22.4570022,114.1741639,,lowered,,
9810426839,node,22.4556477,114.1723453,,lowered,,
9810426840,node,22.4556712,114.1723239,,lowered,,
9810426842,node,22.455685,114.1723117,,lowered,,
9810426846,node,22.4557702,114.1721867,,flush,,
9810426847,node,22.4557744,114.1721125,,flush,,
9810426848,node,22.4557752,114.1720987,,flush,,
9810499304,node,22.4560668,114.1705505,,lowered,,
9810499305,node,22.4560925,114.1705646,,lowered,,
9810500852,node,22.4558424,114.1719316,,flush,,
9810500853,node,22.4559343,114.1719403,,flush,,
9810500854,node,22.455956,114.1718789,,flush,,
9810500856,node,22.4560813,114.1718926,,lowered,,
9810500857,node,22.455733,114.1718446,,lowered,,
9810500870,node,22.4563621,114.1719581,,flush,,
9810714700,node,22.4565005,114.1695855,,flush,,
9810714701,node,22.4565026,114.169582,,flush,,
9810853326,node,22.4443204,114.0337847,,lowered,,
9810853330,node,22.4443051,114.0340468,,flush,,
9811010563,node,22.4570498,114.1679905,,flush,,
9811010564,node,22.4570249,114.1679981,,lowered,,
9811010565,node,22.4569594,114.1678945,,lowered,,
9811010566,node,22.4569763,114.1678785,,flush,,
9811010587,node,22.4565491,114.1673551,,flush,,
9811010588,node,22.4565621,114.1673436,,lowered,,
9811010594,node,22.4563928,114.1674931,,flush,,
9811010603,node,22.4563655,114.1675174,,flush,,
9812173671,node,22.4560755,114.1666124,,lowered,,
9812173672,node,22.4561456,114.1666999,,lowered,,
9812173684,node,22.4561256,114.1667237,,flush,,
9812173703,node,22.4564774,114.1672356,,flush,,
9812173704,node,22.4564386,114.1671788,,flush,,
9812173711,node,22.4563191,114.1669512,,lowered,,
9812173713,node,22.4563014,114.1669785,,flush,,
9812173716,node,22.4562751,114.1668883,,lowered,,
9812185018,node,22.4562471,114.1668997,,flush,,
9812454766,node,22.4558074,114.1663427,,flush,,
9812454767,node,22.4558348,114.1663292,,lowered,,
9812454798,node,22.4553607,114.1659482,,lowered,,
9812454806,node,22.4555422,114.1658297,,flush,,
9812462220,node,22.4554586,114.165878,,flush,,
9812462221,node,22.4554456,114.1658876,,flush,,
9812617436,node,22.4565546,114.1661478,,lowered,,
9812617466,node,22.4570062,114.1668473,,lowered,,
9812617467,node,22.4570595,114.1668071,,lowered,,
9812617475,node,22.4569459,114.1666226,,lowered,,
9812617481,node,22.4568237,114.1664212,,lowered,,
9812617490,node,22.4569921,114.166663,,lowered,,
9813508556,node,22.4333564,114.0708154,,,yes,
9814947513,node,22.3182409,114.173264,,lowered,,
9814954517,node,22.3181951,114.173259,,lowered,,
9814954518,node,22.3181029,114.1733038,,lowered,,
9819793090,node,22.3447932,114.2058618,,,yes,
9819820236,node,22.3465958,114.2032763,,lowered,,
9819820245,node,22.3470875,114.2035075,,lowered,,
9819820247,node,22.3470904,114.2033995,,lowered,,
9825097516,node,22.2942437,113.9494864,,lowered,,
9825135917,node,22.2942055,113.9494893,,lowered,,
9825675565,node,22.4555059,114.1655602,,flush,,
9825675566,node,22.455497,114.1655506,,flush,,
9825675613,node,22.4554395,114.1646016,,,yes,
9825760104,node,22.4540381,114.1658641,,lowered,,
9825760111,node,22.4540756,114.1658736,,lowered,,
9825830925,node,22.45392,114.1659532,,lowered,,
9825830926,node,22.4539346,114.1659816,,lowered,,
9825830927,node,22.4539378,114.1658677,,lowered,,
9825830928,node,22.4539172,114.1660663,,flush,,
9825830932,node,22.4539118,114.1660933,,lowered,,
9826981256,node,22.454669,114.1662177,,flush,,
9826981257,node,22.4546542,114.1662463,,flush,,
9826981259,node,22.4541284,114.1661761,,flush,,
9826981260,node,22.4541417,114.1661018,,flush,,
9826981275,node,22.4533506,114.1668476,,lowered,,
9826981288,node,22.4533794,114.1666011,,lowered,,
9826981302,node,22.4535417,114.1672635,,lowered,,
9826981303,node,22.4536084,114.1672638,,lowered,,
9827982561,node,22.4531662,114.1659417,,lowered,,
9827982562,node,22.453161,114.1659624,,lowered,,
9827982564,node,22.453177,114.1658939,,lowered,,
9827982566,node,22.4532034,114.1657807,,flush,,
9827982567,node,22.4531945,114.1658188,,flush,,
9827982568,node,22.4532208,114.1657064,,lowered,,
9827982572,node,22.4528723,114.1658574,,lowered,,
9828029989,node,22.4530567,114.1656018,,lowered,,
9828632047,node,22.4529444,114.1656216,,lowered,,
9828632051,node,22.4529155,114.1657161,,flush,,
9828632052,node,22.4529127,114.1657251,,flush,,
9828632054,node,22.4528917,114.1657937,,lowered,,
9828632055,node,22.4528798,114.1658326,,lowered,,
9828632074,node,22.4522959,114.1656189,,lowered,,
9828632075,node,22.4522884,114.1656403,,lowered,,
9829547051,node,22.4532781,114.1687358,,lowered,,
9829547059,node,22.4530301,114.1686299,,lowered,,
9829547070,node,22.4531019,114.169583,,lowered,,
9829547071,node,22.4530435,114.1694499,,lowered,,
9829633247,node,22.4522853,114.167524,,lowered,,
9829633249,node,22.4522369,114.1675246,,lowered,,
9829633254,node,22.4529294,114.1675461,,lowered,,
9829633255,node,22.4528073,114.1675468,,lowered,,
9829633256,node,22.4528059,114.1672225,,lowered,,
9829633257,node,22.4529289,114.1672218,,lowered,,
9829633258,node,22.4530025,114.1674485,,lowered,,
9829633259,node,22.4530026,114.1673168,,lowered,,
9829633264,node,22.4527197,114.1673173,,lowered,,
9829633265,node,22.4527201,114.16745,,lowered,,
9829742992,node,22.452047,114.166653,,flush,yes,
9829743004,node,22.4524042,114.1665648,,lowered,,
9829743005,node,22.4523699,114.1665642,,lowered,,
9829743007,node,22.4524064,114.1668817,,lowered,,
9829743008,node,22.4523672,114.1668821,,lowered,,
9830026276,node,22.363343,114.1145077,,,yes,
9830172625,node,22.3644068,114.1153885,,lowered,,
9830172626,node,22.3643067,114.1155616,,lowered,,
9830172627,node,22.3643655,114.11546,,flush,,
9830172628,node,22.3643491,114.1154883,,flush,,
9830639509,node,22.3635231,114.1142926,,,yes,
9832002098,node,22.351097,114.1984989,,lowered,,
9832098900,node,22.3470906,114.2031332,,lowered,,
9832098902,node,22.3465709,114.2033557,,lowered,,
9833942513,node,22.3705968,114.0996095,,lowered,,
9833942514,node,22.3705422,114.0996598,,lowered,,
9836452678,node,22.2993984,114.1759875,,lowered,,
9841479686,node,22.3720724,114.1121772,,high;lowered,,
9841491720,node,22.3714095,114.1135986,,flush,,
9841491721,node,22.3714002,114.1135933,,flush,,
9841491722,node,22.3709369,114.1137007,,lowered,,
9841491723,node,22.3710179,114.1136032,,lowered,,
9841491724,node,22.3711039,114.1135846,,lowered,,
9841491725,node,22.3709793,114.1136627,,lowered,,
9841491734,node,22.3709512,114.1145499,,lowered,,
9846613255,node,22.3693923,114.1088752,,lowered,,
9846613265,node,22.3698044,114.1082573,,lowered,,
9848516467,node,22.3673357,114.1110867,,lowered,,
9848516468,node,22.3675767,114.1112157,,lowered,,
9848516469,node,22.3675396,114.1111755,,lowered,,
9850113774,node,22.3675107,114.1207029,,,yes,
9851034345,node,22.3684657,114.1225201,,lowered,,
9851034346,node,22.3683651,114.1224518,,lowered,,
9851034347,node,22.368331,114.1225493,,lowered,,
9851034353,node,22.3683442,114.1227213,,lowered,,
9851034354,node,22.3682951,114.122692,,flush,,
9851034355,node,22.368312,114.1227021,,flush,,
9851034356,node,22.3682602,114.1226712,,lowered,,
9851034362,node,22.3685592,114.1223354,,lowered,,
9851034363,node,22.3685413,114.122458,,lowered,,
9851034367,node,22.3684702,114.1224133,,lowered,,
9859482399,node,22.3672025,114.1264448,,lowered,,
9859482400,node,22.3673254,114.1264974,,lowered,,
9859482401,node,22.3672647,114.1264714,,flush,,
9859482402,node,22.3672573,114.1264683,,flush,,
9861658379,node,22.3641395,114.122885,,lowered,,
9861658380,node,22.3641453,114.1227963,,lowered,,
9861658402,node,22.3636557,114.1228905,,lowered,,
9861658403,node,22.3637492,114.1228938,,lowered,,
9863263042,node,22.3620736,114.121867,,lowered,,
9863263043,node,22.3621103,114.1219563,,lowered,,
9863263051,node,22.362282,114.1219554,,lowered,,
9863263052,node,22.3621839,114.1220041,,lowered,,
9863263053,node,22.3620794,114.121755,,lowered,,
9863263054,node,22.3621775,114.1217063,,lowered,,
9863263107,node,22.3612978,114.123386,,lowered,,
9863263108,node,22.3612271,114.1233844,,lowered,,
9863309879,node,22.3595422,114.1217914,,flush,,
9863309911,node,22.359468,114.1218542,,lowered,,
9863309912,node,22.3594884,114.1218007,,flush,,
9863309915,node,22.3595629,114.1217369,,lowered,,
9863362617,node,22.3590209,114.1216599,,lowered,,
9863362619,node,22.3590413,114.1216064,,flush,,
9863362622,node,22.3590866,114.1215933,,flush,,
9863362623,node,22.3591072,114.1215389,,lowered,,
9863723449,node,22.359794,114.1229037,,lowered,,
9863723450,node,22.3597209,114.1229259,,lowered,,
9863723484,node,22.3596988,114.122369,,flush,,
9863723508,node,22.3596817,114.12226,,lowered,,
9863760622,node,22.3595537,114.1219879,,lowered,,
9863760623,node,22.3596216,114.1221413,,flush,,
9863760624,node,22.3595986,114.1219887,,flush,,
9863760625,node,22.3596659,114.1221404,,lowered,,
9864032227,node,22.3611392,114.1252822,,lowered,,
9864032228,node,22.3611909,114.1252409,,lowered,,
9864032254,node,22.3606557,114.1244418,,lowered,,
9864032255,node,22.360604,114.1244831,,lowered,,
9864125546,node,22.3617793,114.1262459,,lowered,,
9864125548,node,22.361831,114.1262046,,lowered,,
9866285554,node,22.3625338,114.1281505,,lowered,,
9866285556,node,22.3625945,114.1281274,,lowered,,
9866285557,node,22.3625387,114.1278827,,lowered,,
9866285565,node,22.3625948,114.1280466,,lowered,,
9866285589,node,22.3623719,114.1273784,,lowered,,
9866285607,node,22.362352,114.1273069,,lowered,,
9868272745,node,22.4056556,114.2099221,,flush,,
9868272785,node,22.4059916,114.210044,,flush,,
9868272788,node,22.4059348,114.2099912,,flush,,
9868272789,node,22.4059232,114.2100161,,flush,,
9868605188,node,22.3630627,114.12971,,lowered,,
9868605190,node,22.363126,114.1296808,,lowered,,
9868620987,node,22.3628267,114.1290167,,lowered,,
9868620989,node,22.3628874,114.1289936,,lowered,,
9869572422,node,22.2808439,113.9357455,,,yes,
9870349892,node,22.4104804,114.2130592,,lowered,,
9870357517,node,22.4101836,114.2128392,,lowered,,
9870357521,node,22.4100242,114.2129293,,lowered,,
9870357522,node,22.4099997,114.2128992,,flush,,give_way
9870357523,node,22.4099509,114.2129583,,flush,,give_way
9870627673,node,22.3644572,114.1277841,,lowered,,
9870627674,node,22.364513,114.1279044,,lowered,,
9870627690,node,22.3634092,114.1270372,,flush,,
9870627691,node,22.3633642,114.127084,,lowered,,
9870627692,node,22.3634313,114.1270143,,flush,,
9870627693,node,22.3634537,114.126991,,flush,,
9870627694,node,22.3634688,114.1269753,,flush,,
9870627695,node,22.3634913,114.126952,,flush,,
9870627697,node,22.3635479,114.1269677,,flush,,
9870627698,node,22.3636073,114.126906,,lowered,,
9872729215,node,22.3616529,114.1244629,,lowered,,
9872729216,node,22.3617118,114.1244162,,lowered,,
9872759822,node,22.362141,114.124987,,flush,,
9872759823,node,22.3621042,114.1249322,,flush,,
9872759885,node,22.3628157,114.1261306,,lowered,,
9872759886,node,22.3628599,114.1260815,,lowered,,
9875923912,node,22.2997925,114.1718996,,,yes,bus_stop
9880797572,node,22.3893142,114.2026991,,lowered,,
9885233067,node,22.3642686,114.0148147,,flush,,crossing
9887615927,node,22.362485,114.0168288,,lowered,,
9887615928,node,22.3625557,114.0168998,,lowered,,
9887615942,node,22.3636087,114.0163967,,lowered,,
9887809822,node,22.3000252,114.1718827,,,yes,bus_stop
9893292747,node,22.3866213,114.1994565,,lowered,,
9898602765,node,22.2483937,114.1664521,,lowered,,
9898602766,node,22.2484297,114.166545,,flush,,
9899973203,node,22.3880975,114.1984063,,lowered,,
9911794673,node,22.3763388,114.1896111,,flush,,
9911794674,node,22.3762527,114.1895231,,flush,,
9917328284,node,22.374513,114.1854843,,lowered,,
9917328290,node,22.3745059,114.1867695,,lowered,,
9917356223,node,22.3732153,114.1856209,,lowered,,
9917356281,node,22.3742104,114.1808988,,lowered,,
9917420290,node,22.3371645,114.1405632,,lowered,,
9917420291,node,22.3371696,114.1405309,,flush,,
9917420292,node,22.3371734,114.1405145,,flush,,
9917420293,node,22.3371795,114.1404826,,flush,,
9917420294,node,22.3371829,114.1404639,,flush,,
9917420295,node,22.3371901,114.1404263,,flush,,
9917420296,node,22.3371933,114.1404097,,flush,,
9917420297,node,22.3372081,114.1403362,,lowered,,
9917420298,node,22.3372138,114.1402229,,lowered,,
9917420299,node,22.3372211,114.140184,,flush,,
9917420300,node,22.3372266,114.1401555,,flush,,
9917420301,node,22.3372403,114.1400828,,flush,,
9917420302,node,22.3372489,114.1400498,,flush,,
9917420303,node,22.3372628,114.1400109,,flush,,
9917420304,node,22.3372719,114.1399938,,flush,,
9917420305,node,22.3372922,114.1399656,,lowered,,
9919521150,node,22.3225067,114.2208369,,lowered,,
9919521160,node,22.3210561,114.2215313,,lowered,,
9919521161,node,22.3211095,114.2214342,,lowered,,
9919521189,node,22.3208822,114.2209083,,lowered,,
9919521190,node,22.320817,114.2208456,,lowered,,
9919521193,node,22.3208177,114.2207106,,lowered,,
9919521204,node,22.3207097,114.2208862,,lowered,,
9919521212,node,22.3209298,114.2205581,,lowered,,
9919521213,node,22.3208688,114.2205494,,flush,,
9919521214,node,22.3208532,114.2205496,,flush,,
9919521215,node,22.3208205,114.2206032,,flush,,
9919521216,node,22.3208035,114.2206032,,flush,,
9919524217,node,22.3207725,114.2206445,,flush,,
9921214696,node,22.3232937,114.2163909,,lowered,,
9921214697,node,22.3231812,114.2164624,,lowered,,
9925070849,node,22.3450743,114.1897263,,lowered,,
9925070850,node,22.3452124,114.1897025,,lowered,,
9925070851,node,22.3451296,114.1897263,,flush,,
9925070852,node,22.345153,114.1897027,,flush,,
9925234761,node,22.3479716,114.06147,,,yes,
9925234762,node,22.3483642,114.0620002,,,yes,
9925879695,node,22.4268288,114.2087372,,,yes,
9926356945,node,22.3273407,114.1882032,,lowered,,
9926356949,node,22.32449,114.1694681,,lowered,,
9926356950,node,22.3245088,114.1695689,,lowered,,
9931124236,node,22.3838211,113.973261,,lowered,,
9931124237,node,22.3838669,113.9732639,,flush,,
9931124238,node,22.3839005,113.9732659,,flush,,
9931124239,node,22.3839338,113.973268,,lowered,,
9938957371,node,22.275657,114.1740991,,lowered,,
9938957374,node,22.2755986,114.1740486,,lowered,,
9938957377,node,22.2756885,114.1741313,,lowered,,
9938975719,node,22.2744868,114.1740099,,lowered,,
9938975739,node,22.2745138,114.1741115,,lowered,,
9938975741,node,22.2745081,114.174031,,lowered,,
9939430951,node,22.3856674,113.9757989,,lowered,,
9952759338,node,22.3304998,114.2107032,,lowered,,
9952759339,node,22.3305505,114.2106479,,lowered,,
9953781643,node,22.3175894,114.169594,,lowered,,
9956493389,node,22.2865294,114.1437278,,lowered,,
9956523169,node,22.2862082,114.1463479,,lowered,,
9961973502,node,22.3259142,114.2145122,,lowered,,
9966304202,node,22.3273026,114.2139705,,lowered,,
9966304210,node,22.3276603,114.2147261,,lowered,,
9966304215,node,22.3273787,114.2140908,,lowered,,
9966304216,node,22.3272971,114.214151,,lowered,,
9966321020,node,22.3274046,114.2143212,,lowered,,
9966321029,node,22.3273869,114.2142932,,lowered,,
9974567573,node,22.3746734,114.1810879,,lowered,,
9974567574,node,22.3746928,114.1811039,,lowered,,
9974567575,node,22.3745726,114.1812357,,lowered,,
9974567576,node,22.37461,114.1812675,,lowered,,
9974567615,node,22.3743615,114.1807953,,lowered,,
9974576524,node,22.3744005,114.1807342,,lowered,,
9977165586,node,22.3821402,114.1924944,,lowered,,
9977165587,node,22.3821096,114.1925337,,lowered,,
9977165588,node,22.3818876,114.1926029,,lowered,,
9977165589,node,22.3819091,114.1925736,,lowered,,
9977165594,node,22.3822381,114.1929413,,lowered,,
9977165595,node,22.3822355,114.1929154,,lowered,,
9977165599,node,22.3822046,114.1923591,,lowered,,
9977165600,node,22.3821966,114.1924104,,lowered,,
9977190620,node,22.381846,114.1910656,,lowered,,
9988101678,node,22.4458056,114.177446,,lowered,,
9992920511,node,22.4512045,114.1652697,,lowered,,
9992920512,node,22.451229,114.1652634,,lowered,,
9992920513,node,22.4512001,114.1652441,,lowered,,
9992923420,node,22.4517007,114.1651031,,lowered,,
9992923454,node,22.4518031,114.164084,,lowered,,
9992923468,node,22.451769,114.1653474,,lowered,,
9992923471,node,22.4516487,114.1653137,,lowered,,
9992923472,node,22.451638,114.1653445,,lowered,,
9992923511,node,22.4516629,114.1649326,,lowered,,
9992923525,node,22.451568,114.1653035,,lowered,,
9992923527,node,22.4512457,114.1652231,,flush,,
9992923559,node,22.4495268,114.1775931,,lowered,,
9992923560,node,22.4495415,114.1775693,,lowered,,
9992923561,node,22.4494584,114.1774857,,lowered,,
9992923574,node,22.4494051,114.1777244,,lowered,,
10005931530,node,22.4459361,114.0364796,,,yes,
10013660139,node,22.3163703,114.1717674,,lowered,,
10013660140,node,22.3164119,114.1717587,,lowered,,
10018688887,node,22.2821255,114.176596,,lowered,,
10023521143,node,22.3308607,114.1631396,,lowered,,
10023521152,node,22.3304841,114.1627984,,lowered,,
10036291064,node,22.4494278,114.1712895,,lowered,,
10036291085,node,22.4491445,114.1699883,,lowered,,
10036291086,node,22.4489288,114.1699989,,lowered,,
10036291087,node,22.4489217,114.1699129,,lowered,,
10038396741,node,22.2952702,114.1761579,,,yes,
10047024066,node,22.2856573,114.1594094,,lowered,,
10060104738,node,22.2748581,114.1722335,,lowered,,
10072617359,node,22.3340686,114.2097387,,,yes,
10106458232,node,22.3204437,114.215475,,lowered,,
10106458354,node,22.3203098,114.2154087,,lowered,,
10113393122,node,22.3196671,114.1557987,,,yes,
10135484654,node,22.2813515,114.153939,,,yes,
10164923046,node,22.2653735,114.2473933,,lowered,,
10166403965,node,22.2576789,114.1931868,,lowered,,
10166403966,node,22.2577192,114.1931838,,lowered,,
10166403967,node,22.2577543,114.1931789,,lowered,,
10166403976,node,22.2576255,114.193189,,lowered,,
10166403982,node,22.2595904,114.1921367,,lowered,,
10166403992,node,22.2589014,114.1924671,,lowered,,
10166403993,node,22.2592493,114.1922477,,lowered,,
10171096923,node,22.3434543,114.1957454,,lowered,,
10171096924,node,22.3435301,114.1958917,,lowered,,
10171096925,node,22.343717,114.1955809,,lowered,,
10171096926,node,22.3435831,114.1956604,,lowered,,
10173250011,node,22.4104812,114.2130751,,lowered,,
10175007664,node,22.2871152,114.1389515,,lowered,,
10181363612,node,22.3023869,114.1792951,,lowered,,
10181363613,node,22.3024525,114.1792665,,lowered,,
10196220834,node,22.2754311,114.1175443,,lowered,,
10196220835,node,22.2754633,114.1176371,,lowered,,
10196229727,node,22.2634036,114.1305126,,lowered,,
10196229728,node,22.2632655,114.1304978,,lowered,,
10196229787,node,22.2670379,114.1294787,,flush,,
10196229789,node,22.2670602,114.1294435,,flush,,
10196229826,node,22.2663036,114.1282306,,flush,,crossing
10196567262,node,22.2838693,114.1295949,,lowered,,
10196567263,node,22.2838782,114.1296325,,lowered,,
10196567264,node,22.2839244,114.1296171,,lowered,,
10196579823,node,22.2860238,114.1451079,,lowered,,
10196579824,node,22.2859186,114.145369,,lowered,,
10196579825,node,22.2861137,114.14422,,lowered,,
10196579826,node,22.2861127,114.1442583,,lowered,,
10196791079,node,22.288091,114.1559269,,lowered,,
10211113075,node,22.501691,114.1276705,,,yes,
10213842822,node,22.3365946,114.1479753,,lowered,,
10223576874,node,22.3063465,114.1933886,,lowered,,
10223576876,node,22.3038976,114.1923814,,lowered,,
10223576879,node,22.3033729,114.191956,,lowered,,
10242392295,node,22.2965727,114.1769467,,lowered,,
10242398419,node,22.2946472,114.1725614,,flush,,
10242398420,node,22.2946221,114.1725628,,flush,,
10242398422,node,22.2945759,114.1725635,,lowered,,
10242398432,node,22.2946962,114.172559,,lowered,,
10242398433,node,22.2947399,114.1726555,,lowered,,
10242398434,node,22.2948552,114.1726542,,lowered,,
10242398437,node,22.2945658,114.1721849,,lowered,,
10244005741,node,22.2954714,114.1760581,,lowered,,
10244005742,node,22.2954695,114.1760145,,flush,,
10244005744,node,22.2954422,114.1759656,,flush,,
10250803045,node,22.3145713,114.1701875,,lowered,,
10250803046,node,22.3145008,114.1702022,,lowered,,
10256441393,node,22.3240247,114.1619594,,flush,,
10256441394,node,22.3240256,114.1620079,,lowered,,
10256441402,node,22.3239984,114.1619017,,flush,,
10256441403,node,22.323997,114.1618338,,lowered,,
10256441407,node,22.3241837,114.1617848,,lowered,,
10256506810,node,22.3240984,114.1617868,,lowered,,
10256506831,node,22.3233386,114.1618494,,lowered,,
10260036369,node,22.3232463,114.1618069,,lowered,,
10287206039,node,22.3710007,114.1147121,,lowered,,
10289782579,node,22.3004771,114.1760139,,lowered,,
10294963881,node,22.3149842,114.2359237,,lowered,,
10294963883,node,22.31504,114.236043,,lowered,,
10298327106,node,22.3226839,114.1877135,,lowered,,
10301092077,node,22.3146955,114.2197732,,lowered,,
10301092078,node,22.3147196,114.2197089,,lowered,,
10301092094,node,22.3138195,114.2221155,,lowered,,
10301092095,node,22.3137868,114.2222003,,lowered,,
10301092099,node,22.3133631,114.2206373,,lowered,,
10301092100,node,22.3133254,114.2206924,,lowered,,
10301092101,node,22.3134017,114.2206646,,lowered,,
10301105112,node,22.3133452,114.2207759,,lowered,,
10301105114,node,22.3133911,114.2208047,,lowered,,
10301105116,node,22.313049,114.2217393,,lowered,,
10301105156,node,22.3134341,114.2207225,,lowered,,
10301105157,node,22.3134076,114.2207687,,lowered,,
10313055786,node,22.3371459,114.1951141,,lowered,,
10313055790,node,22.3371662,114.1950821,,lowered,,
10536138773,node,22.3151757,114.2196565,,lowered,,
10536138774,node,22.3152018,114.2197102,,flush,,
10536138775,node,22.3152069,114.2197374,,flush,,
10536138776,node,22.3153172,114.2199719,,lowered,,
10536138777,node,22.3152892,114.2199406,,flush,,
10536138778,node,22.3152753,114.2199268,,flush,,
10536138779,node,22.3152363,114.2198939,,lowered,,
10536138780,node,22.3152661,114.219764,,lowered,,
10556445440,node,22.3233432,114.2348038,,flush,,
10556445511,node,22.3242816,114.2360036,,flush,,
10556445512,node,22.3242912,114.2360256,,flush,,
10556445513,node,22.3240303,114.235993,,flush,,
10556445514,node,22.3240485,114.2359787,,flush,,
10556445515,node,22.3240086,114.2361923,,flush,,
10556445516,node,22.3240227,114.2362112,,flush,,
10556445519,node,22.3239602,114.2361277,,lowered,,
10556445521,node,22.3239732,114.2360384,,lowered,,
10556445524,node,22.324107,114.2359328,,lowered,,
10556445526,node,22.324252,114.235936,,lowered,,
10556445530,node,22.324063,114.2362646,,lowered,,
10556445531,node,22.3243194,114.2360899,,lowered,,
10556445589,node,22.3274836,114.2299571,,lowered,,
10556445593,node,22.3274964,114.2296704,,lowered,,
10556445616,node,22.3232998,114.234837,,flush,,
10558959277,node,22.3196553,114.238681,,lowered,,
10562952337,node,22.3057745,114.2251245,,lowered,,
10565387056,node,22.3182848,114.173381,,lowered,,
10565387064,node,22.3182679,114.173336,,flush,,
10565387065,node,22.3182612,114.173318,,flush,,
10565387089,node,22.3180335,114.173355,,lowered,,
10565387090,node,22.3180538,114.173409,,flush,,
10565387091,node,22.3180606,114.173427,,flush,,
10565387092,node,22.3180775,114.173472,,lowered,,
10576740402,node,22.3220791,114.2127763,,flush,,
10576740404,node,22.3220726,114.2127769,,flush,,
10576740422,node,22.3223099,114.2131592,,flush,,
10576740423,node,22.3223412,114.213156,,flush,,
10576740424,node,22.3223591,114.2131541,,flush,,
10576740425,node,22.3224081,114.2131497,,lowered,,
10589240552,node,22.3169551,114.2326643,,lowered,,
10589240553,node,22.315532,114.2343186,,lowered,,
10589240554,node,22.3168014,114.2327541,,lowered,,
10589240557,node,22.3169002,114.2328007,,lowered,,
10589240559,node,22.3168464,114.2329342,,lowered,,
10589240588,node,22.3161679,114.2337789,,lowered,,
10589255312,node,22.3146452,114.234678,,lowered,,
10589255313,node,22.315478,114.2342179,,lowered,,
10589255314,node,22.3147199,114.2348248,,lowered,,
10591210270,node,22.3149082,114.2335655,,lowered,,
10591210279,node,22.3149905,114.2336726,,lowered,,
10591210291,node,22.3145683,114.2346588,,lowered,,
10594465662,node,22.3183361,114.2304032,,lowered,,
10594465668,node,22.3184326,114.2304707,,lowered,,
10594465669,node,22.318594,114.2302285,,lowered,,
10594465670,node,22.3184734,114.2301437,,lowered,,
10606343264,node,22.3202391,114.2272992,,flush,,
10606343265,node,22.3203211,114.2271806,,lowered,,
10606343271,node,22.3195493,114.2275123,,,yes,bus_stop
10606343300,node,22.320284,114.2272016,,flush,,
10606343303,node,22.3202885,114.2272725,,flush,,
10609372356,node,22.4915543,114.1395967,,,yes,bus_stop
10635655628,node,22.3299388,114.1556427,,lowered,,
10648278290,node,22.5662085,114.0789309,,,yes,
10678066021,node,22.429314,114.2097251,,,yes,
10690932821,node,22.3175567,114.2269189,,lowered,,
10726301488,node,22.3213024,114.1711896,,lowered,,
10726301807,node,22.3224088,114.170942,,lowered,,
10726301809,node,22.3223572,114.1709528,,lowered,,
10727804663,node,22.3237772,114.1707334,,lowered,,
10734767505,node,22.5456465,113.9491391,,lowered,,
10734767510,node,22.5456603,113.9491551,,lowered,,
10734767521,node,22.5458416,113.9491002,,lowered,,
10748748197,node,22.3551541,114.1273982,,lowered,,
10749024418,node,22.3051531,113.9383972,,lowered,,
10749024419,node,22.3051461,113.9384421,,lowered,,
10770422386,node,22.3216075,114.2376694,,lowered,,
10770422387,node,22.3216641,114.2380071,,lowered,,
10770422388,node,22.3215951,114.2380692,,lowered,,
10770422389,node,22.3213489,114.2378853,,lowered,,
10770422390,node,22.3214143,114.2380127,,lowered,,
10770422391,node,22.3216994,114.2377763,,lowered,,
10770422392,node,22.3216612,114.2377319,,flush,,
10770422393,node,22.3216459,114.237714,,flush,,
10770422394,node,22.3216382,114.2380303,,flush,,
10770422395,node,22.3216226,114.2380443,,flush,,
10770422396,node,22.3213761,114.2379384,,flush,,
10770422397,node,22.3213871,114.2379596,,flush,,
10787299140,node,22.3055853,114.2354473,,lowered,,
10787299141,node,22.3056046,114.2355421,,lowered,,
10787299145,node,22.3054046,114.2354903,,lowered,,
10794398001,node,22.3102027,114.1799284,,lowered,,
10804391045,node,22.4496042,114.1647928,,lowered,,
10804391046,node,22.4496357,114.1648118,,flush,,
10804391047,node,22.4496454,114.164817,,flush,,
10804391048,node,22.4496865,114.1648463,,lowered,,
10804391054,node,22.4493022,114.1657475,,lowered,,
10804391055,node,22.4492794,114.1658094,,lowered,,
10804391056,node,22.4491178,114.165664,,lowered,,
10804391057,node,22.4490996,114.1657064,,lowered,,
10804391085,node,22.4475133,114.1695973,,lowered,,
10804391086,node,22.4474957,114.1696362,,lowered,,
10804391087,node,22.4474753,114.1696772,,lowered,,
10804391088,node,22.4474603,114.1697086,,lowered,,
10804395029,node,22.4482901,114.1677844,,flush,,
10804395030,node,22.448279,114.1677786,,flush,,
10804395031,node,22.4482306,114.1677535,,lowered,,
10825885970,node,22.3160176,114.1699132,,lowered,,
10825885971,node,22.3160801,114.1698994,,lowered,,
10832069039,node,22.3485185,114.1992144,,lowered,,
10857553640,node,22.32207,114.2260251,,,yes,bus_stop
10857553645,node,22.3218948,114.2262766,,,yes,bus_stop
10873092696,node,22.3040833,114.1820705,,lowered,,
10873136612,node,22.3040402,114.1822581,,lowered,,
10873136615,node,22.3037682,114.1823144,,lowered,,
10873136618,node,22.303735,114.1827256,,lowered,,
10873136628,node,22.3040556,114.1820679,,lowered,,
10873136629,node,22.3040394,114.1823799,,lowered,,
10875122514,node,22.3219295,114.2325525,,,yes,bus_stop
10875122521,node,22.323297,114.2317222,,,yes,bus_stop
10910444724,node,22.292502,114.1992325,,lowered,,
10910444748,node,22.2925996,114.2000644,,lowered,,
10910495348,node,22.2930805,114.2012691,,lowered,,
10924053738,node,22.4159866,113.9815144,,lowered,,
10924053739,node,22.416043,113.9816451,,lowered,,
10924053740,node,22.4160901,113.9817682,,lowered,,
10936394842,node,22.2886808,114.1929761,,,yes,
10941572516,node,22.2837838,114.1612102,,lowered,,
10941572517,node,22.2836377,114.1609856,,flush,,
10941572518,node,22.2836161,114.1609749,,flush,,
10941572548,node,22.2836659,114.1605605,,lowered,,
10941572549,node,22.2837302,114.1604351,,lowered,,
10941572551,node,22.2835257,114.160932,,lowered,,
10941572552,node,22.2838187,114.1611339,,lowered,,
10944171135,node,22.3300168,114.1557117,,lowered,,
10988289305,node,22.3586087,114.118317,,lowered,,
11005376706,node,22.3307718,114.1978362,,,yes,bus_stop
11005427918,node,22.3711765,114.1253426,,lowered,,
11019559963,node,22.3789555,113.9634146,,,yes,elevator
11027194662,node,22.3160989,114.1700867,,,yes,
11035303328,node,22.2799307,114.1596625,,lowered,,
11037990176,node,22.324567,114.188136,,,yes,
11038778514,node,22.3350262,114.1476759,,,yes,bus_stop
11042371606,node,22.3152485,114.2404443,,,yes,bus_stop
11048007927,node,22.3185522,114.1587248,,,yes,
11048020423,node,22.3187378,114.1586956,,,yes,bus_stop
11048231736,node,22.3190724,114.1566511,,,yes,
11049198642,node,22.3191065,114.2231201,,,yes,bus_stop
11054129947,node,22.2856912,114.1593144,,lowered,,
11054129949,node,22.285747,114.1591374,,lowered,,
11054129951,node,22.2857165,114.1590904,,lowered,,
11063271010,node,22.3821596,113.9786383,,,yes,elevator
11063271011,node,22.3819808,113.9785105,,,yes,elevator
11063448771,node,22.3023812,114.2410159,,lowered,,
11063448772,node,22.3023955,114.2410277,,lowered,,
11063448774,node,22.3024277,114.2410544,,lowered,,
11063448775,node,22.3024419,114.2410662,,lowered,,
11063448777,node,22.3023509,114.2409907,,lowered,,
11063448778,node,22.3024687,114.2410884,,lowered,,
11066440309,node,22.3246353,114.2288637,,,yes,bus_stop
11066440319,node,22.3248473,114.2289484,,lowered,,
11066440321,node,22.3248359,114.2290922,,lowered,,
11066547321,node,22.3261215,114.228143,,lowered,,
11066547322,node,22.326022,114.2281009,,lowered,,
11070558498,node,22.3265785,114.2267625,,lowered,,
11070558500,node,22.3265742,114.2266717,,lowered,,
11070558501,node,22.3263303,114.2273003,,lowered,,
11070607505,node,22.3266473,114.2265032,,lowered,,
11070607511,node,22.3262128,114.2275905,,lowered,,
11070607512,node,22.3262935,114.2273956,,lowered,,
11070607513,node,22.3262645,114.2274679,,lowered,,
11070607516,node,22.3266893,114.2268222,,lowered,,
11070607519,node,22.3261153,114.2278583,,lowered,,
11070607521,node,22.3262261,114.2279034,,lowered,,
11071634259,node,22.3297042,114.2270657,,lowered,,
11071634260,node,22.3296576,114.2270561,,lowered,,
11072605282,node,22.33253,114.2247854,,lowered,,
11072605283,node,22.3325874,114.2247052,,lowered,,
11072605299,node,22.3328916,114.2246334,,lowered,,
11072605303,node,22.3318266,114.2261694,,lowered,,
11072619129,node,22.3317742,114.2262136,,lowered,,
11072619130,node,22.3317598,114.2262307,,lowered,,
11073261715,node,22.3160594,114.1728829,,lowered,,
11074401338,node,22.3096951,114.2372454,,lowered,,
11074702441,node,22.3097023,114.2371626,,lowered,,
11081617955,node,22.2793702,114.1523912,,lowered,,crossing
11081617956,node,22.2793022,114.1523662,,lowered,,crossing
11083586842,node,22.2819555,114.1766688,,lowered,,
11083586848,node,22.2820214,114.1766568,,flush,,
11083586850,node,22.2820358,114.1766123,,flush,,
11083586874,node,22.2824375,114.1783816,,lowered,,
11083586875,node,22.2824863,114.178361,,flush,,
11083586876,node,22.2825072,114.1783529,,flush,,
11083586899,node,22.2825821,114.1783237,,lowered,,
11088938820,node,22.3291093,114.1520651,,,yes,
11089262437,node,22.457122,114.210447,,,yes,
11096558890,node,22.3569056,114.1185394,,lowered,,
11096605443,node,22.3555875,114.1179697,,,yes,
11096605453,node,22.3585419,114.1183117,,lowered,,
11098616492,node,22.3656752,114.113722,,lowered,,
11098616493,node,22.365788,114.1135955,,lowered,,
11101174046,node,22.315173,114.2403409,,,yes,bus_stop
11101174048,node,22.315324,114.2405477,,,yes,bus_stop
11101174051,node,22.315475,114.2407545,,,yes,bus_stop
11101174072,node,22.3374133,114.1982716,,,yes,bus_stop
11107505447,node,22.3327298,114.1501681,,,yes,
11109297087,node,22.4448166,114.0327505,,lowered,,
11111947549,node,22.248349,114.1497295,,lowered,,
11111947550,node,22.2483467,114.1499585,,lowered,,
11111947551,node,22.2483492,114.1498918,,lowered,,
11111947552,node,22.24835,114.1498046,,lowered,,
11111947562,node,22.2481103,114.1511102,,lowered,,
11114548509,node,22.2486714,114.1651587,,lowered,,
11114881551,node,22.2503069,114.1713521,,lowered,,
11133235081,node,22.3795526,114.1047744,,lowered,,
11133235086,node,22.3795863,114.1048293,,lowered,,
11135865838,node,22.3786216,114.1081736,,,yes,bus_stop
11135908243,node,22.3799132,114.1053149,,lowered,,
11135908245,node,22.3798431,114.1052065,,lowered,,
11142553044,node,22.2781155,114.1703886,,lowered,,crossing
11142553047,node,22.2783275,114.1703964,,lowered,,crossing
11142613130,node,22.3784129,114.1951696,,lowered,,crossing
11142724152,node,22.3780843,114.1101185,,,yes,bus_stop
11143083546,node,22.3730929,114.113255,,lowered,,
11143083547,node,22.3730553,114.1133207,,lowered,,
11143199738,node,22.3484084,114.1104048,,lowered,,
11146564954,node,22.2942613,114.1688192,,flush,,
11146564955,node,22.2942519,114.1688327,,flush,,
11146564957,node,22.2942778,114.1688964,,flush,,
11146564958,node,22.2942684,114.16891,,flush,,
11146564960,node,22.2942943,114.1689737,,flush,,
11146564961,node,22.2942849,114.1689873,,flush,,
11146564963,node,22.2943108,114.1690511,,flush,,
11146564964,node,22.2943014,114.1690647,,flush,,
11146564966,node,22.2943273,114.1691284,,flush,,
11146564967,node,22.2943179,114.1691419,,flush,,
11146564969,node,22.2943438,114.1692056,,flush,,
11146564970,node,22.2943344,114.1692191,,flush,,
11149803450,node,22.3764735,114.1104985,,,yes,bus_stop
11149803460,node,22.3781896,114.1095302,,,yes,bus_stop
11149887264,node,22.3786233,114.1081613,,lowered,,
11149887266,node,22.3786546,114.1080682,,lowered,,
11150786339,node,22.3795805,114.1319192,,lowered,,
11150786340,node,22.3795856,114.1320148,,lowered,,
11150786341,node,22.3795793,114.132085,,lowered,,
11150786343,node,22.379552,114.1321457,,lowered,,
11150786345,node,22.3789372,114.1317881,,lowered,,
11150786346,node,22.3788734,114.1318815,,lowered,,
11150786348,node,22.3787002,114.1314382,,lowered,,
11150786350,node,22.3786557,114.1313091,,lowered,,
11150786376,node,22.3787005,114.1313188,,lowered,,
11152234834,node,22.3768123,114.1052835,,lowered,,
11152234835,node,22.3768895,114.1052842,,lowered,,
11152234842,node,22.3770768,114.1054177,,,yes,bus_stop
11152234854,node,22.3764032,114.1048626,,flush,,
11152234856,node,22.3763834,114.1048065,,flush,,
11152234858,node,22.3763646,114.1047341,,,yes,bus_stop
11153075928,node,22.3214205,114.1620719,,lowered,,crossing
11153248437,node,22.3061469,114.2133958,,,yes,bus_stop
11153757827,node,22.3768015,114.1057992,,lowered,,
11153757831,node,22.3767286,114.1054081,,lowered,,
11153757832,node,22.3767038,114.1053069,,lowered,,
11153757834,node,22.3767078,114.1053717,,lowered,,
11153757841,node,22.3768005,114.1059711,,lowered,,
11153757846,node,22.3768703,114.1059675,,lowered,,
11153757847,node,22.3768569,114.105921,,lowered,,
11155476749,node,22.3831576,114.1880563,,,yes,bus_stop
11155476752,node,22.3830476,114.1879755,,,yes,bus_stop
11155476755,node,22.3834219,114.1881208,,,yes,bus_stop
11155476757,node,22.383463,114.1880709,,,yes,bus_stop
11155476759,node,22.3834941,114.1880206,,,yes,bus_stop
11155476761,node,22.3835251,114.187972,,,yes,bus_stop
11155476763,node,22.3835688,114.1879194,,,yes,bus_stop
11156525195,node,22.3337465,114.1952071,,lowered,,
11160307182,node,22.3830258,114.1879865,,,yes,bus_stop
11160853737,node,22.3822109,114.1898343,,,yes,bus_stop
11165397549,node,22.3369205,114.1816303,,lowered,,
11165397550,node,22.3368352,114.1816179,,lowered,,
11165397564,node,22.3377397,114.1817075,,lowered,,
11165397565,node,22.3377494,114.1816054,,lowered,,
11165397568,node,22.3360718,114.1814961,,lowered,,
11165397569,node,22.336075,114.1814136,,lowered,,
11165397572,node,22.3343756,114.1814206,,lowered,,
11166093292,node,22.2955576,114.1721688,,lowered,,
11171237065,node,22.3307103,114.2215016,,,yes,
11171246659,node,22.3312869,114.2262798,,raised,yes,
11172300110,node,22.310271,114.2334644,,lowered,,
11172300111,node,22.3103751,114.2334573,,lowered,,
11173547011,node,22.375106,114.1148282,,lowered,,
11173547035,node,22.3750143,114.114703,,lowered,,
11175993152,node,22.3040045,114.2268045,,lowered,,
11175993158,node,22.3038621,114.2268564,,lowered,,
11176057250,node,22.4294523,114.2033917,,,yes,bus_stop
11176057251,node,22.4294358,114.2037999,,,yes,bus_stop
11180996999,node,22.2834553,114.1924034,,,yes,bus_stop
11181151129,node,22.3218619,114.1653667,,lowered,,
11181177241,node,22.3218728,114.1654402,,lowered,,
11181177242,node,22.3219952,114.1655353,,lowered,,
11181487235,node,22.3687524,114.1145443,,,yes,bus_stop
11181994271,node,22.2777346,114.1676067,,lowered,,crossing
11183891766,node,22.3454316,114.1273246,,,yes,
11188422722,node,22.2746199,114.1751597,,,yes,elevator
11189311623,node,22.2753419,114.1736756,,,yes,
11192473449,node,22.2511748,114.1748635,,lowered,,
11192473450,node,22.2512377,114.1748939,,lowered,,
11192473460,node,22.2507715,114.1744595,yes,raised,,
11192473461,node,22.2505401,114.1743898,,lowered,,
11192473478,node,22.2502609,114.1739787,,lowered,,
11192473481,node,22.2500673,114.1742059,,lowered,,
11192473482,node,22.2498823,114.1741898,,lowered,,
11192473483,node,22.2498026,114.1742264,,lowered,,
11192473484,node,22.2496678,114.1741644,,lowered,,
11192473485,node,22.2497251,114.1742086,,lowered,,
11192473486,node,22.249892,114.174457,,lowered,,
11192473487,node,22.2498398,114.1744054,,lowered,,
11192473488,node,22.2501211,114.1742601,,lowered,,
11192473489,node,22.2500516,114.1743995,,lowered,,
11192473490,node,22.2500615,114.1743419,,lowered,,
11192473493,node,22.2501037,114.1743117,,lowered,,
11192473495,node,22.2502784,114.1742124,,lowered,,
11192473496,node,22.2497779,114.1743415,,lowered,,
11192473499,node,22.250007,114.1741745,,lowered,,
11192473501,node,22.2502142,114.174263,,lowered,,
11192473509,node,22.249825,114.174394,,lowered,,
11193687573,node,22.502361,114.1449762,,lowered,,
11197279391,node,22.3082212,114.2579213,,lowered,,crossing
11197279395,node,22.3083469,114.2583193,,lowered,,crossing
11197279406,node,22.3091737,114.2609942,,lowered,,crossing
11198092957,node,22.332621,114.1601154,,lowered,,
11198891933,node,22.2884873,114.1423025,,lowered,,
11199333253,node,22.3711751,114.125202,,lowered,,
11202364870,node,22.5031988,114.1489371,,lowered,,
11202364871,node,22.503257,114.1488749,,flush,,
11202364872,node,22.5032497,114.1488166,,flush,,
11202364873,node,22.5032776,114.1487844,,lowered,,
11202364874,node,22.5032493,114.1486313,,lowered,,
11202364875,node,22.503229,114.1486109,,flush,,
11202364876,node,22.5031957,114.1486177,,flush,,
11202364881,node,22.5030166,114.1488201,,flush,,
11202364882,node,22.5030252,114.1488296,,flush,,
11204895473,node,22.3051065,113.9381799,,lowered,,
11204895525,node,22.2967582,113.9372922,,lowered,,
11204900551,node,22.3011183,113.9363598,,lowered,,
11204900552,node,22.2998999,113.9364172,,lowered,,
11211332722,node,22.3322768,114.1615892,,lowered,,
11211332725,node,22.3324121,114.1614109,,lowered,,
11211332728,node,22.3328034,114.1616962,,lowered,,
11211332730,node,22.3327481,114.1616465,,lowered,,
11211332735,node,22.333063,114.1620023,,lowered,,
11211469140,node,22.332978,114.162219,,lowered,,
11212656118,node,22.3251345,114.1651706,,lowered,,
11224524570,node,22.3990826,113.9766092,,,yes,bus_stop
11227523817,node,22.3015419,113.9349889,,lowered,,
11227523818,node,22.3015231,113.935049,,lowered,,
11227532710,node,22.3106883,113.9368625,,lowered,,
11232787247,node,22.3139412,114.1706053,,lowered,,
11232787249,node,22.3139015,114.1706133,,lowered,,
11237374208,node,22.4314291,114.2530656,,lowered,,
11238303888,node,22.2659786,114.12836,,flush,,crossing
11238303891,node,22.2660838,114.1285329,,flush,,crossing
11251269153,node,22.3022162,113.9348734,,lowered,,
11251269158,node,22.3012706,113.9339873,,lowered,,
11264962681,node,22.2956327,114.1721623,,lowered,,
11266443710,node,22.2966401,113.9355344,,lowered,,
11266443711,node,22.2966449,113.9356024,,lowered,,
11266443712,node,22.295442,113.9336431,,lowered,,
11266443713,node,22.2954832,113.9336477,,lowered,,
11266443721,node,22.2961729,113.9355861,,lowered,,
11269090894,node,22.3003789,113.9346315,,lowered,,
11269090900,node,22.2983833,113.934799,,lowered,,
11269090901,node,22.2983998,113.9348662,,lowered,,
11270824685,node,22.5027777,114.1281974,,,yes,elevator
11273326926,node,22.3905474,114.2066521,,lowered,,
11273326927,node,22.3910722,114.2071629,,lowered,,
11273326933,node,22.3928577,114.2084961,,lowered,,
11273326934,node,22.3904809,114.2081496,,lowered,,
11273326935,node,22.3907025,114.208099,,lowered,,
11273326936,node,22.3906061,114.2082575,,lowered,,
11273326937,node,22.390617,114.2083247,,lowered,,
11273326938,node,22.3906006,114.2079811,,lowered,,
11273326939,node,22.390531,114.2080674,,lowered,,
11273326961,node,22.392436,114.2084683,,lowered,,
11273328281,node,22.3926354,114.2075955,,lowered,,
11273328282,node,22.3927371,114.2077874,,lowered,,
11273328283,node,22.3926793,114.2077224,,flush,,
11273328284,node,22.3926972,114.207649,,flush,,
11273328287,node,22.3928845,114.2073903,,lowered,,
11273328301,node,22.3896817,114.2069627,,flush,,crossing
11273328302,node,22.3906985,114.2057223,,flush,,
11273328303,node,22.3906869,114.205766,,flush,,
11273328304,node,22.3906545,114.2056771,,lowered,,
11273328305,node,22.390861,114.2054196,,lowered,,
11273328306,node,22.390911,114.2054891,,lowered,,
11274854222,node,22.3874786,114.2077249,,lowered,,
11274854223,node,22.3897719,114.2052246,,lowered,,
11274854247,node,22.3872614,114.2081055,,lowered,,
11274854248,node,22.388303,114.2094037,,lowered,,
11278993796,node,22.3090398,114.2605962,,lowered,,crossing
11285983004,node,22.389567,114.2094704,,lowered,,
11285983005,node,22.3895522,114.2095462,,lowered,,
11285983006,node,22.3891544,114.2099856,,lowered,,
11285983007,node,22.3893141,114.209794,,lowered,,
11285983010,node,22.3897885,114.2091899,,lowered,,
11285983011,node,22.3901248,114.2087587,,lowered,,
11303734988,node,22.3684841,114.1186352,,flush,,
11303734991,node,22.3685224,114.1187181,,flush,,
11303734993,node,22.3684495,114.1187546,,flush,,
11303734999,node,22.3683807,114.1188208,,flush,,
11303735000,node,22.3683329,114.1187798,,flush,,
11303735003,node,22.3685561,114.1188421,,flush,,
11303735006,node,22.3685851,114.1187554,,flush,,
11304298827,node,22.2732906,114.1746473,,,yes,
11306444351,node,22.5559292,114.15048,,,yes,
11311307458,node,22.4181741,113.9820509,,lowered,,
11331401383,node,22.3669877,114.1269373,,,yes,elevator
11335379996,node,22.37337,114.1795271,,,yes,
11350742569,node,22.3145701,113.9325767,,,yes,
11361515703,node,22.3033598,114.1664785,,lowered,,
11381294367,node,22.4315173,114.253071,,lowered,,
11381304270,node,22.4313885,114.2530982,,lowered,,
11381304271,node,22.4313565,114.2529011,,lowered,,
11381304283,node,22.4315658,114.2530653,,lowered,,
11391978219,node,22.3175289,114.1695171,,lowered,,
11391978220,node,22.3174496,114.1695338,,lowered,,
11391978228,node,22.317396,114.1696392,,lowered,,
11399347625,node,22.3293956,114.2059249,,,yes,
11399347626,node,22.3294388,114.2056924,,,yes,
11399347628,node,22.3294246,114.2061604,,,yes,
11405423114,node,22.35065,114.1997632,,lowered,,
11416679039,node,22.3077242,114.2621985,,,yes,bus_stop
11428412234,node,22.316178,114.2650925,,,yes,
11462746179,node,22.3209801,114.1558275,,lowered,,
11472698761,node,22.3067422,114.1824282,,lowered,,
11493392468,node,22.3373763,114.1597475,,lowered,,
11493425973,node,22.3372921,114.159858,,lowered,,
11493425977,node,22.3358365,114.158623,,lowered,,
11493425979,node,22.3359028,114.1585376,,flush,,
11493425980,node,22.3359432,114.1584855,,flush,,
11493425982,node,22.3360026,114.158409,,lowered,,
11494518604,node,22.3380689,114.2030338,,,yes,bus_stop
11494518606,node,22.3379491,114.2029904,,,yes,bus_stop
11494518608,node,22.3379807,114.2031688,,,yes,bus_stop
11494518610,node,22.3378165,114.2029057,,,yes,bus_stop
11494518612,node,22.3378406,114.2030791,,,yes,bus_stop
11494518614,node,22.3378804,114.2032781,,,yes,bus_stop
11494629371,node,22.3379164,114.2017624,,,yes,bus_stop
11516591167,node,22.3351968,114.1569528,,,yes,elevator
11516591168,node,22.3351795,114.1569751,,,yes,elevator
11524250776,node,22.4455827,114.0326626,,lowered,,
11524250780,node,22.4449804,114.0328308,,lowered,,
11524250781,node,22.4451824,114.0325572,,lowered,,
11524250782,node,22.4449163,114.0327801,,lowered,,
11524250783,node,22.4454094,114.0329046,,lowered,,
11524250784,node,22.4453697,114.0329076,,flush,,
11524250785,node,22.4453206,114.0329752,,flush,,
11524250786,node,22.4452766,114.0329696,,lowered,,
11524250787,node,22.4452224,114.033064,,lowered,,
11524250788,node,22.4452484,114.0330142,,lowered,,
11524250789,node,22.4452224,114.0331176,,lowered,,
11524250790,node,22.4454558,114.0328474,,lowered,,
11524250791,node,22.4451473,114.0325074,,lowered,,
11524250792,node,22.4451376,114.0324707,,lowered,,
11531547379,node,22.3012847,114.1784332,,flush,,crossing
11537362894,node,22.5645574,114.1394523,,,yes,
11553401278,node,22.359518,114.1054493,,,yes,elevator
11581539301,node,22.3766693,114.193813,,lowered,,
11581539302,node,22.3767155,114.1938909,,lowered,,
11581539303,node,22.3766592,114.1940326,,flush,,
11581539304,node,22.3766518,114.1940389,,flush,,
11581539305,node,22.3765234,114.1938568,,flush,,
11581539306,node,22.3765335,114.1938483,,flush,,
11581539309,node,22.3764705,114.1939047,,lowered,,
11581539310,node,22.3765894,114.1937946,,lowered,,
11581539311,node,22.3767297,114.19398,,lowered,,
11581539312,node,22.3765877,114.1940953,,lowered,,
11602403339,node,22.5060448,114.1531862,,lowered,,
11630278777,node,22.3128432,114.2076963,,lowered,,
11630278779,node,22.3108355,114.2099533,,lowered,,
11649459472,node,22.2769034,114.1749514,,lowered,,
11649459473,node,22.2768896,114.1747884,,lowered,,
11649459474,node,22.2768957,114.1748671,,flush,,
11649459475,node,22.2768976,114.1748822,,flush,,
11649459485,node,22.2767517,114.1754241,,lowered,,
11649459486,node,22.2766182,114.1749471,,lowered,,
11649459487,node,22.2766419,114.1748929,,lowered,,
11650714895,node,22.5110579,114.050931,,,yes,
11662303190,node,22.3395259,114.1306661,,lowered,,
11662303197,node,22.3395922,114.1309189,,lowered,,
11662317144,node,22.330911,114.1979832,,,yes,bus_stop
11671527595,node,22.2595169,114.2386743,,flush,,
11671527596,node,22.2594824,114.2386465,,flush,,
11671527597,node,22.2594504,114.2386235,,lowered,,
11671527607,node,22.2595519,114.238706,,lowered,,
11671527615,node,22.2593749,114.2385813,,lowered,,
11671527619,node,22.2594113,114.2385183,,lowered,,
11671527620,node,22.2593918,114.2384701,,lowered,,
11671543123,node,22.4147921,114.213779,,lowered,,
11671543124,node,22.4148182,114.2135925,,lowered,,
11671543125,node,22.4144616,114.2135294,,lowered,,
11671543126,node,22.4144672,114.2134666,,lowered,,
11671612497,node,22.2687236,114.2348546,,lowered,,
11671612498,node,22.2686688,114.2348493,,lowered,,
11671705978,node,22.2926689,114.2014369,,lowered,,
11697031314,node,22.3425963,114.1987997,,lowered,,
11697031315,node,22.3423441,114.198708,,lowered,,
11697031316,node,22.3424128,114.1987179,,lowered,,
11697031317,node,22.3421035,114.1987159,,lowered,,
11697031333,node,22.3421522,114.1986765,,lowered,,
11697031334,node,22.3425801,114.1987436,,lowered,,
11699808303,node,22.4280445,114.2024178,,,yes,bus_stop
11720911630,node,22.3399701,114.1364933,,,yes,
11730844147,node,22.3016775,114.1562997,,lowered,,
11744993608,node,22.375235,114.1114746,,lowered,,
11744993622,node,22.3736781,114.1114027,,lowered,,
11744993623,node,22.3732699,114.1112571,,lowered,,
11748153275,node,22.3682919,114.1188074,,lowered,,
11748153276,node,22.3683423,114.1191103,,lowered,,
11748153277,node,22.3683814,114.119148,,flush,,
11748153278,node,22.3683921,114.1191596,,flush,,
11748153279,node,22.3684429,114.1192122,,flush,,
11748153280,node,22.3685221,114.1191781,,flush,,
11748153281,node,22.368533,114.1191714,,flush,,
11748153282,node,22.3685708,114.1191449,,lowered,,
11748153283,node,22.3684892,114.1191991,,flush,,
11748153284,node,22.368455,114.1193636,,lowered,,
11748153285,node,22.3685165,114.118567,,lowered,,
11748153286,node,22.3686133,114.118876,,lowered,,
11748153303,node,22.367004,114.1212671,,lowered,,
11748153304,node,22.366961,114.1213442,,flush,,
11748153305,node,22.3669831,114.1214522,,flush,,
11748153306,node,22.3669259,114.1215398,,lowered,,
11748153307,node,22.3670992,114.1212665,,lowered,,
11748153308,node,22.3671951,114.1213295,,flush,,
11748153309,node,22.3672373,114.1213062,,flush,,
11748153310,node,22.3672963,114.1213444,,lowered,,
11748153317,node,22.3685188,114.1225146,,lowered,,
11748153319,node,22.3685973,114.1222371,,lowered,,
11748153320,node,22.368651,114.1222767,,lowered,,
11748153321,node,22.3686469,114.1223185,,lowered,,
11748153344,node,22.3664759,114.1210273,,lowered,,
11748153370,node,22.3663949,114.1211746,,lowered,,
11767837144,node,22.2874895,114.1921024,,,yes,
11777835579,node,22.2872,114.0400767,,,yes,
11789399620,node,22.3065124,114.1867786,,,yes,
11843590407,node,22.4603432,114.1849717,,lowered,,
11843590408,node,22.4593842,114.1849811,,lowered,,
11847506413,node,22.4124149,114.210964,,,yes,bus_stop
11847506424,node,22.4260406,114.2314159,,,yes,bus_stop
11862396538,node,22.4124164,114.2109548,,,yes,bus_stop
11862433294,node,22.3566939,114.1286914,,lowered,,
11873550611,node,22.2836947,114.2118022,,,yes,
11875456814,node,22.3009021,114.2342362,,,yes,elevator
11886989347,node,22.3517618,114.1280479,,lowered,,
11897051113,node,22.3461882,114.1266615,,flush,,
11897051114,node,22.3461718,114.1265787,,lowered,,
11897080929,node,22.3479437,114.1266851,,flush,yes,
11897080933,node,22.347933,114.1267864,,flush,yes,
11897080940,node,22.3493715,114.1268686,,lowered,,
11897080941,node,22.3494785,114.1268828,,lowered,,
11897080959,node,22.3512394,114.1271628,,lowered,,
11900796809,node,22.3738006,114.12177,,lowered,,
11907070975,node,22.2971898,114.171614,,lowered,,
11917712696,node,22.3759899,114.1060226,,lowered,,
11917712703,node,22.3759683,114.1059083,,lowered,,
11919549109,node,22.3632287,114.1327968,,lowered,,
11919549110,node,22.3629894,114.1335613,,lowered,,
11922105652,node,22.351761,114.1095331,,lowered,,
11925435935,node,22.3639636,114.1208032,,lowered,,
11929989121,node,22.3764637,114.1819691,,lowered,,
11929989122,node,22.3763184,114.1811817,,lowered,,
11929989123,node,22.3763949,114.1811275,,lowered,,
11929989124,node,22.3767107,114.1816984,,lowered,,
11933922024,node,22.3346841,114.1985364,,flush,,crossing
11933922030,node,22.3348019,114.1988477,,flush,,crossing
11933922034,node,22.3348897,114.1990797,,flush,,crossing
11933922068,node,22.3365964,114.1987149,,flush,,crossing
11933976393,node,22.3353337,114.1958704,,flush,,crossing
11937092904,node,22.4992882,114.1433452,,lowered,,
11937092905,node,22.4996229,114.1436802,,lowered,,
11939100874,node,22.3826773,114.204601,,,yes,
11943996983,node,22.2211773,114.2121077,,,yes,
11955745408,node,22.3623138,114.0448155,,,yes,
12001081785,node,22.5298427,114.0016004,,,yes,
12002289651,node,22.4018619,113.9779907,,,yes,
12003108499,node,22.402045,113.9780251,,,yes,
12005576442,node,22.4034137,113.9797496,,,yes,
12008669530,node,22.4026871,113.978575,,,yes,
12033096501,node,22.2477397,114.1639231,,lowered,,
12047091857,node,22.3240667,114.1978295,,lowered,,
12051012108,node,22.2810353,114.2192544,,lowered,,
12088156347,node,22.3241241,114.197958,,lowered,,
12090385135,node,22.2997901,114.1734553,,lowered,,
12090385136,node,22.2997661,114.1733702,,lowered,,
12090385137,node,22.299828,114.1734942,,lowered,,
12090385138,node,22.2998936,114.1734765,,lowered,,
12090385139,node,22.299911,114.1733439,,lowered,,
12090385140,node,22.2999254,114.1734049,,lowered,,
12090385141,node,22.2997859,114.1733066,,lowered,,
12090385142,node,22.2998505,114.1732849,,lowered,,
12107157513,node,22.3555946,114.1275638,,lowered,,
12109864132,node,22.2831968,114.2208014,,,yes,
12118561280,node,22.5642229,113.8756315,,,yes,
12136038184,node,22.5294677,114.002623,,,yes,
12137911205,node,22.5517299,114.0088714,,,yes,
12154586520,node,22.2865906,114.1491258,,,yes,
12170126472,node,22.3130569,114.0390414,,,yes,
12170157727,node,22.429455,114.2037667,,,yes,bus_stop
12172282373,node,22.3273469,114.1884114,,lowered,,
12172282374,node,22.3273464,114.1883778,,lowered,,
12172500500,node,22.2806403,114.1820929,,,yes,
12172727967,node,22.4225641,114.2285869,,,yes,
12172785709,node,22.4225898,114.2289373,,,yes,
12172785711,node,22.4209974,114.2273458,,,yes,
12172785713,node,22.4201208,114.2292939,,,yes,
12189364158,node,22.2687929,114.1267872,,,yes,
12200382950,node,22.2873081,114.1479479,,,yes,
12206125172,node,22.2865292,114.15003,,lowered,,
12206821744,node,22.2865345,114.1503637,,lowered,,
12222030278,node,22.4096774,114.222694,,flush,,crossing
12237759242,node,22.3350021,114.1597043,,lowered,,
12237759243,node,22.3350879,114.1594536,,lowered,,
12247917637,node,22.3123645,113.937561,,lowered,,
12271422480,node,22.4139846,114.2104892,,,yes,
12272400563,node,22.2801643,114.151442,,lowered,,crossing
12272506467,node,22.4280193,114.2110729,,,yes,
12298143200,node,22.3292992,114.2059076,,,yes,
12303837737,node,22.2495079,114.1693085,,,yes,
12304811065,node,22.5217625,114.0472552,,,yes,
12309791959,node,22.3427133,114.2090712,,,yes,
12320258167,node,22.5499256,113.9380568,,flush,,crossing
12320258168,node,22.5498718,113.937864,,flush,,crossing
12322983837,node,22.3238614,114.1958772,,lowered,,
12323517307,node,22.354973,114.1072098,,lowered,,crossing
12337678467,node,22.2862102,114.1497844,,,yes,
12339011683,node,22.3888317,114.2112041,,,yes,
12343526473,node,22.3428127,114.2082581,,,yes,
12344904395,node,22.3165269,114.2747379,,,yes,
12372809152,node,22.3681212,114.0916799,,,yes,elevator
12373210037,node,22.3236971,114.1896962,,,yes,
12378642514,node,22.4000082,113.9739907,,,yes,
12384969332,node,22.4151425,114.2227158,,flush,,crossing
12384969337,node,22.4138111,114.2235028,,flush,,crossing
12384969342,node,22.4126363,114.22221,,flush,,crossing
12384969344,node,22.4071157,114.2212308,,flush,,crossing
12384984682,node,22.4066897,114.2224057,,flush,,crossing
12384984683,node,22.4064695,114.2221276,,flush,,crossing
12384984684,node,22.406395,114.2224867,,flush,,crossing
12392886917,node,22.2879377,114.1924768,,,yes,
12405020563,node,22.3514833,114.1268293,,flush,,
12405020565,node,22.3514934,114.1267328,,flush,,
12446078395,node,22.3241971,114.1980596,,lowered,,
12452831296,node,22.3224838,114.1938644,,lowered,,
12452842152,node,22.3230584,114.1924307,,lowered,,
12464074800,node,22.324211,114.1967995,,lowered,,
12466920421,node,22.4442836,114.1701423,,,yes,
12468454804,node,22.4423075,114.0202228,,lowered,,
12479861759,node,22.5506454,113.8950621,,,yes,
12479932504,node,22.5653754,113.8769268,,,yes,
12479932507,node,22.5661837,113.8778228,,,yes,
12479989948,node,22.5642429,113.8767083,,,yes,elevator
12480515421,node,22.5662637,113.8783995,,,yes,
12485845520,node,22.3026763,114.1668219,,lowered,,
12485997484,node,22.2431948,114.1531699,,,yes,
12492181182,node,22.5630579,113.8769782,,,yes,elevator
12504193801,node,22.3548265,114.1258532,,flush,,
12512045054,node,22.3128773,114.2058066,,lowered,,
12512045055,node,22.312313,114.207141,,lowered,,
12513687049,node,22.3229828,114.1926123,,lowered,,
12513737031,node,22.3772522,113.9670361,,,yes,
12517358990,node,22.330476,114.2072564,,,yes,
12517359907,node,22.3307676,114.20683,,,yes,
12517359918,node,22.3311796,114.2059727,,,yes,
12529709093,node,22.351479,114.1271859,,lowered,,
12529709096,node,22.3518393,114.1271893,,lowered,,
12529709098,node,22.3518142,114.1272502,,flush,,
12529709099,node,22.3518083,114.1272645,,flush,,
12529728101,node,22.3517891,114.1273111,,flush,,
12529728104,node,22.3519152,114.1274288,,lowered,,
12529728108,node,22.351788,114.1273676,,lowered,,
12529728109,node,22.3516054,114.1272797,,lowered,,
12529728110,node,22.3517755,114.1273443,,lowered,,
12529728111,node,22.351795,114.1272969,,flush,,
12529728139,node,22.3520562,114.1275228,,lowered,,
12532159833,node,22.3515986,114.1277083,,lowered,,
12532159836,node,22.3517125,114.1277863,,lowered,,
12532159838,node,22.3518254,114.1279599,,lowered,,
12532159842,node,22.3514112,114.1277568,,lowered,,
12532159847,node,22.3514626,114.1276773,,lowered,,
12535373536,node,22.3668246,114.000216,,,yes,elevator
12535373661,node,22.3669007,114.0011483,,,yes,
12535721840,node,22.3671372,113.9968986,,,yes,
12535721841,node,22.3671351,113.9969167,,,yes,
12535721842,node,22.3671207,113.9970445,,,yes,
12535721843,node,22.3671188,113.9970617,,,yes,
12535721844,node,22.3671074,113.9971924,,,yes,
12535721845,node,22.3670746,113.9971959,,,yes,
12535721851,node,22.3669926,113.9963877,,,yes,
12535721852,node,22.3670027,113.9964812,,,yes,
12535731439,node,22.3667974,113.9973172,,,yes,
12535731440,node,22.3668498,113.997262,,,yes,
12535731441,node,22.3668994,113.9972202,,,yes,
12541512070,node,22.3434162,114.1950913,,,yes,
12546571145,node,22.3528716,114.1262023,,lowered,,
12558430582,node,22.5486437,113.9408029,,,yes,
12558430585,node,22.5507774,113.9400557,,,yes,
12573490767,node,22.2932927,114.1967555,,,yes,
12581415351,node,22.2835512,114.1922144,,,yes,
12586554044,node,22.3060384,114.2244901,,,yes,
12586554047,node,22.3057778,114.2247648,,,yes,
12587052293,node,22.2925723,114.1998938,,lowered,,
12587052294,node,22.2926266,114.1998809,,lowered,,
12587052295,node,22.2926613,114.2000483,,lowered,,
12587440381,node,22.2925599,114.1995355,,lowered,,
12596366142,node,22.3373962,114.1484136,,,yes,
12597987353,node,22.348298,114.1104202,,lowered,,
12597987354,node,22.3483315,114.1104592,,lowered,,
12600386109,node,22.3678027,114.1301488,,,yes,
12635083806,node,22.3924959,114.2729578,,,yes,
12637902655,node,22.3560833,114.1282864,,lowered,,
12637916675,node,22.367229,114.1270386,,,yes,elevator
12637916684,node,22.3669026,114.1278607,,,yes,elevator
12639851157,node,22.327612,114.1839649,,,yes,
12652356606,node,22.2880969,114.2122586,,lowered,,
12656277726,node,22.3046849,114.2547007,,lowered,,
12656277732,node,22.3048391,114.2602441,,lowered,,
12666286029,node,22.3487141,114.0557457,,,yes,
12684813497,node,22.3458157,114.1243371,,lowered,,
12701768507,node,22.3381034,114.2032731,,,yes,bus_stop
12715960158,node,22.3164126,114.2028734,,lowered,,
12717932501,node,22.3230842,114.1953311,,lowered,,
12725807006,node,22.3273158,114.2041403,,lowered,,
12725807007,node,22.3275334,114.2038087,,lowered,,
12725807008,node,22.3274726,114.2039723,,lowered,,
12725807009,node,22.3274543,114.2038941,,lowered,,
12725807010,node,22.3272265,114.2037094,,lowered,,
12725807011,node,22.3272041,114.203635,,lowered,,
12725807012,node,22.3275364,114.2036075,,lowered,,
12725807013,node,22.3274651,114.2036355,,lowered,,
12725807014,node,22.3275831,114.2036582,,lowered,,
12725807015,node,22.3273146,114.2040617,,lowered,,
12725807016,node,22.3272496,114.2039155,,lowered,,
12725807017,node,22.3271849,114.2039488,,lowered,,
12725807018,node,22.3270893,114.2037959,,lowered,,
12725807034,node,22.3248728,114.1991842,,lowered,,
12725807035,node,22.3248376,114.1991749,,lowered,,
12725807048,node,22.3154129,114.188601,,lowered,,
12725807049,node,22.3153323,114.1885239,,lowered,,
12725807063,node,22.3236099,114.1961321,,lowered,,
12725807064,node,22.3223342,114.1945669,,lowered,,
12725807065,node,22.3223517,114.1946254,,lowered,,
12725807068,node,22.3219508,114.1943839,,lowered,,
12725807069,node,22.321971,114.1944366,,lowered,,
12725807086,node,22.3141483,114.1872656,,lowered,,
12725807087,node,22.3140207,114.1874524,,lowered,,
12725807088,node,22.3141186,114.1873449,,lowered,,
12725807089,node,22.3140425,114.187384,,lowered,,
12725807090,node,22.3156658,114.1878225,,lowered,,
12725807091,node,22.3157378,114.1878587,,lowered,,
12736449626,node,22.3811487,113.9636323,,flush,,crossing
12736449632,node,22.3813523,113.9635273,,flush,,crossing
12740842346,node,22.2811812,114.1901002,,,yes,bus_stop
12740842347,node,22.2799867,114.1855149,,,yes,bus_stop
12740842357,node,22.2783137,114.1784634,,,yes,bus_stop
12749412163,node,22.323906,114.1992618,,lowered,,
12749412165,node,22.3238913,114.1991553,,lowered,,
12749412174,node,22.3243029,114.1980286,,flush,,
12749412175,node,22.3243295,114.1979634,,flush,,
12749412176,node,22.3243944,114.1977157,,flush,,
12749412177,node,22.3244392,114.1977385,,flush,,
12749412181,node,22.3240804,114.1978865,,flush,,
12749412182,node,22.3241109,114.1978997,,flush,,
12749412183,node,22.3238181,114.1957961,,flush,,
12749412184,node,22.3237735,114.1957898,,flush,,
12749412185,node,22.3237604,114.1961291,,flush,,
12749412186,node,22.3237692,114.1960695,,flush,,
12749412191,node,22.3244248,114.1979354,,lowered,,
12749431119,node,22.3242298,114.1968745,,lowered,,
12749431130,node,22.3235681,114.1960489,,flush,,
12749431131,node,22.3235237,114.1960422,,flush,,
12844798248,node,22.301183,114.1561413,,lowered,,
12844798250,node,22.3007591,114.1565203,,lowered,,
12860588667,node,22.3547435,114.1258488,,flush,,
12860588668,node,22.3547767,114.1258782,,flush,,
12860588669,node,22.3547784,114.1259422,,flush,,
12860588671,node,22.354853,114.1259916,,flush,,
12860588672,node,22.3548645,114.1264255,,flush,,
12860588673,node,22.3547974,114.1264316,,flush,,
12860588674,node,22.354784,114.1264329,,flush,,
12860588675,node,22.354728,114.1264379,,flush,,
12860588676,node,22.3547056,114.12644,,flush,,
12860588677,node,22.3546385,114.1264461,,flush,,
12860588678,node,22.3546071,114.1264489,,flush,,
12860588679,node,22.3545447,114.1264546,,flush,,
12862457755,node,22.344292,114.1803179,,,yes,construction
12862457759,node,22.343818,114.1806132,,,yes,construction
12862457763,node,22.343838,114.1804121,,,yes,construction
12865673769,node,22.459351,114.1895759,,lowered,,
12875528702,node,22.5652926,114.1152623,,,yes,
12894121856,node,22.2839397,114.1555125,,,yes,
12897069704,node,22.355473,114.1276073,,lowered,,
12897069705,node,22.3554919,114.1276204,,lowered,,
12897069706,node,22.3555753,114.1275965,,lowered,,
12897069708,node,22.35553,114.1268874,,lowered,,
12897069747,node,22.3553087,114.1282022,,,yes,
12921293051,node,22.3048029,114.1636066,,lowered,,
12989126016,node,22.3152257,114.2316652,,lowered,,crossing
13005962506,node,22.2818076,114.1565537,,lowered,,
13005962507,node,22.2817321,114.1565223,,lowered,,
13005962508,node,22.2817793,114.1565937,,lowered,,
13005962509,node,22.2817399,114.1564823,,lowered,,
13005962511,node,22.2817389,114.1565064,,lowered,,
13005962514,node,22.2818422,114.1565249,,lowered,,
13017992487,node,22.4641093,114.0532687,,,yes,elevator
13017992488,node,22.4639636,114.0539699,,,yes,elevator
13022642609,node,22.3391059,114.1995356,,lowered,,
13022642610,node,22.3390597,114.1995236,,lowered,,
13026109884,node,22.4421624,114.0190008,,,yes,
13037199174,node,22.2848138,114.2161026,yes,,yes,
13037204013,node,22.2851303,114.2174125,,lowered,,
13037204014,node,22.2853327,114.2170172,,lowered,,
13037204015,node,22.2854484,114.2168426,,lowered,,
13042186957,node,22.2952966,114.0175484,,,yes,bus_stop
13042186958,node,22.2959077,114.0175252,,,yes,bus_stop
13042186960,node,22.2955389,114.017576,,,yes,bus_stop
13042358496,node,22.2935928,114.17037,,,yes,
13050511450,node,22.3388901,114.1365553,,,yes,
13050511451,node,22.3379273,114.1391803,,,yes,
13052299530,node,22.3246299,114.1623645,,,yes,
13055757193,node,22.32341,114.1649647,,flush,,
13055757194,node,22.3234452,114.1649592,,flush,,
13055757195,node,22.3233556,114.1649733,,lowered,,
13055757196,node,22.3235449,114.164945,,lowered,,
13055757197,node,22.3235996,114.1650006,,lowered,,
13055757198,node,22.3236087,114.165096,,flush,,
13055757199,node,22.323612,114.1651286,,flush,,
13055757200,node,22.3236232,114.1652313,,lowered,,
13055816802,node,22.3232509,114.1651063,,lowered,,
13055816803,node,22.3232634,114.1651888,,flush,,
13055816804,node,22.3231938,114.1652343,,flush,,
13055816805,node,22.3232051,114.1653087,,lowered,,
13055816810,node,22.3235579,114.165294,,lowered,,
13055816811,node,22.3234907,114.1653067,,flush,,
13055816812,node,22.3234559,114.1653661,,flush,,
13055816813,node,22.3233927,114.1653784,,lowered,,
13055816816,node,22.3231919,114.1644032,,lowered,,
13055816819,node,22.3231572,114.1643729,,lowered,,
13055852107,node,22.2844345,114.2164376,yes,,designated,
13068558094,node,22.2821578,114.1839513,,lowered,,
13068558095,node,22.2820816,114.1837583,,lowered,,
13068777218,node,22.3661136,114.1178346,,lowered,,
13068777219,node,22.3667364,114.1180108,,lowered,,
13068777220,node,22.3665184,114.1184348,,lowered,,
13068777221,node,22.36606,114.117817,,lowered,,
13068777222,node,22.3652902,114.1173748,,lowered,,
13076945692,node,22.3072402,114.1818176,,,yes,
13092012445,node,22.2786104,114.1842948,,lowered,,
13092012446,node,22.2772323,114.1849305,,lowered,,
13092012447,node,22.2782943,114.1850091,,lowered,,
13092012448,node,22.2781085,114.1844987,,lowered,,
13094843863,node,22.356313,114.1285084,,lowered,,
13094843864,node,22.3562324,114.1284909,,lowered,,
13094843880,node,22.3559785,114.1286572,,flush,,
13094843882,node,22.3559415,114.1286297,,flush,,
13094843894,node,22.3557099,114.129217,,lowered,,
13094872848,node,22.3562583,114.1286198,,lowered,,
13094872849,node,22.3563229,114.1286517,,lowered,,
13094872851,node,22.3563273,114.1286415,,lowered,,
13094872852,node,22.3563538,114.1285799,,lowered,,
13096375014,node,22.4530626,114.1697832,,,yes,
13097959902,node,22.3064783,114.1797011,,,yes,elevator
13097959969,node,22.305621,114.1807254,,,yes,elevator
13097960122,node,22.3044897,114.179021,,,yes,
13111190021,node,22.3093012,114.1877507,,,yes,
13121178304,node,22.3044316,114.1667542,,lowered,,
13121178305,node,22.3030785,114.167467,,lowered,,
13121178308,node,22.3030749,114.1666408,,lowered,,
13121178313,node,22.3034358,114.1638759,,lowered,,
13121178314,node,22.3029946,114.1658428,,lowered,,
13122941481,node,22.320944,114.1973981,,,yes,
13122941482,node,22.3213389,114.1965091,,,yes,
13122941483,node,22.3213368,114.1982227,,,yes,
13122941485,node,22.3217135,114.1984182,,,yes,
13122941486,node,22.3226014,114.1984301,,,yes,
13122941487,node,22.3226446,114.1962712,,,yes,
13122941488,node,22.3234836,114.1973884,,,yes,
13122941489,node,22.3231566,114.1982289,,,yes,
13148593513,node,22.4148372,114.215153,,,yes,
13179770654,node,22.3153248,114.1780925,,lowered,,
13206958848,node,22.3550696,114.12991,,,yes,elevator
13206958849,node,22.3556503,114.1298372,,,yes,elevator
13207035627,node,22.399732,114.18753,,,yes,
13227263513,node,22.5451216,113.8845416,,,yes,
13227263514,node,22.5444042,113.8823635,,,yes,
13227508878,node,22.4792004,114.0526931,,lowered,,
13227508879,node,22.4792444,114.0526831,,flush,,
13227508880,node,22.479285,114.0526755,,flush,,
13227508881,node,22.4793313,114.0526656,,flush,,
13227508882,node,22.4793561,114.0526598,,flush,,
13227508883,node,22.4794135,114.052647,,lowered,,
13227508891,node,22.479443,114.0525838,,lowered,,
13227508893,node,22.4794489,114.0525295,,lowered,,
13227604252,node,22.4793117,114.0535532,,lowered,,
13227604253,node,22.4792723,114.0535743,,lowered,,
13227625344,node,22.4789449,114.0571211,,lowered,,
13227625345,node,22.4789841,114.0571322,,flush,,
13227625346,node,22.4790061,114.0571385,,flush,,
13227625347,node,22.4790457,114.0571491,,lowered,,
13227625380,node,22.4765114,114.0518048,,flush,,
13227625381,node,22.4764813,114.0518068,,flush,,
13229670803,node,22.556724,113.8824124,,,yes,
13232219395,node,22.5653058,113.8782069,,,yes,
13240663466,node,22.3739614,114.1211385,,flush,,
13240663469,node,22.3740464,114.1211862,,flush,,
13240808094,node,22.3737402,114.1220732,,lowered,,
13240808095,node,22.3737048,114.1221276,,flush,,
13240808096,node,22.3737352,114.1222064,,flush,,
13240808098,node,22.3736992,114.1222585,,lowered,,
13240832015,node,22.3762859,114.1203162,,lowered,,
13240832016,node,22.3762242,114.1203867,,lowered,,
13254305791,node,22.3757997,114.1191306,,lowered,,
13254305792,node,22.3757193,114.1191246,,lowered,,
13254326204,node,22.3759991,114.1177007,,lowered,,
13254326205,node,22.3760076,114.1175903,,lowered,,
13254326228,node,22.375796,114.1180466,,lowered,,
13254326229,node,22.3758961,114.1180601,,lowered,,
13254326230,node,22.3758487,114.1180542,,flush,,
13254326231,node,22.3758268,114.1180509,,flush,,
13255411816,node,22.5575333,113.8829594,,,yes,elevator
13266360360,node,22.4788165,114.0537754,,lowered,,
13266360361,node,22.4787526,114.0537996,,lowered,,
13270507772,node,22.5400801,113.9891292,,,yes,
13273958172,node,22.290559,114.2102196,,lowered,,
13288492162,node,22.3255123,114.2357055,,lowered,,
13288492163,node,22.3255142,114.2357551,,flush,,
13288492164,node,22.3255155,114.2357907,,flush,,
13288492165,node,22.3255172,114.2358352,,lowered,,
13288492166,node,22.325586,114.2355967,,lowered,,
13288492167,node,22.3256305,114.2355961,,flush,,
13288492168,node,22.3256555,114.2355957,,flush,,
13288492169,node,22.3256971,114.2355951,,lowered,,
13288492171,node,22.3258036,114.235673,,lowered,,
13288492172,node,22.3258046,114.2357296,,flush,,
13288492173,node,22.3258052,114.2357671,,flush,,
13288492174,node,22.3258059,114.2358094,,lowered,,
13288534691,node,22.3283924,114.234188,,lowered,,
13288534692,node,22.3284398,114.2341438,,flush,,
13288534693,node,22.3284601,114.2341249,,flush,,
13288534694,node,22.3285074,114.2340815,,lowered,,
13288534695,node,22.3286333,114.2340745,,lowered,,
13288534696,node,22.3286693,114.234117,,flush,,
13288534697,node,22.3286847,114.2341338,,flush,,
13288534698,node,22.3287246,114.2341821,,lowered,,
13288705347,node,22.3256402,114.2347277,,lowered,,
13288705348,node,22.3255955,114.234732,,flush,,
13288705349,node,22.3255793,114.2347334,,flush,,
13288705350,node,22.3255465,114.2347366,,lowered,,
13288705361,node,22.3263133,114.2333729,,lowered,,
13288705362,node,22.3263474,114.2334695,,lowered,,
13288705363,node,22.3263273,114.2334124,,flush,,
13288705364,node,22.3263326,114.2334274,,flush,,
13294830571,node,22.3382561,114.1993896,,,yes,
13304493233,node,22.3306322,114.1878329,,flush,,crossing
13319104551,node,22.316549,114.264376,,lowered,,
13319104552,node,22.3164922,114.2643256,,lowered,,
13319104554,node,22.3165233,114.2642186,,lowered,,
13319104555,node,22.3164852,114.2642633,,lowered,,
13319104557,node,22.3171037,114.2656129,,flush,,
13319104558,node,22.317178,114.2656821,,flush,,
13319104565,node,22.3171885,114.2695586,,flush,,
13319104566,node,22.3171368,114.2695115,,flush,,
13319104567,node,22.3171107,114.2694878,,flush,,
13319104568,node,22.3170518,114.2694339,,flush,,
13319104577,node,22.3165614,114.2667851,,flush,,
13319104578,node,22.3165002,114.266864,,flush,,
13319104585,node,22.3165419,114.266811,,flush,,
13319104586,node,22.3165318,114.266824,,flush,,
13319104587,node,22.3163731,114.2665609,,lowered,,
13319104588,node,22.3163202,114.2665621,,lowered,,
13319104589,node,22.3162699,114.2665782,,lowered,,
13319104591,node,22.3164389,114.2665723,,lowered,,
13319211693,node,22.31538,114.2656718,,flush,,
13319211694,node,22.3153334,114.2657532,,flush,,
13319320603,node,22.3153534,114.2659174,,lowered,,
13319320604,node,22.3150575,114.2657819,,lowered,,
13319320605,node,22.3153288,114.2658209,,flush,,
13319320609,node,22.3151787,114.2657901,,lowered,,
13319320614,node,22.3137238,114.2672886,,lowered,,
13319320615,node,22.3136678,114.2673425,,flush,,
13319320616,node,22.313637,114.267371,,flush,,
13319320617,node,22.3135893,114.2674152,,lowered,,
13319320619,node,22.3147159,114.2649427,,lowered,,
13319320620,node,22.314611,114.2649492,,lowered,,
13319320621,node,22.3145631,114.2649842,,lowered,,
13319320622,node,22.3145609,114.2650584,,lowered,,
13319320623,node,22.3145551,114.2649362,,lowered,,
13319320624,node,22.3145339,114.2648986,,lowered,,
13319320625,node,22.3156926,114.2634627,,lowered,,
13319320629,node,22.3155715,114.2635353,,lowered,,
13319320630,node,22.3156751,114.2637151,,lowered,,
13319320633,node,22.3156223,114.2635312,,lowered,,
13319320634,node,22.3156494,114.2635187,,lowered,,
13319320635,node,22.3156548,114.2635916,,lowered,,
13331226126,node,22.2913956,114.2042842,,lowered,,
13338016258,node,22.2767339,114.1717922,,,yes,
13340508844,node,22.3058767,114.170731,,flush,,
13340508847,node,22.3058678,114.1707733,,flush,,
13340508850,node,22.3059848,114.1703322,,flush,,
13340508851,node,22.3059952,114.1702884,,flush,,
13342259137,node,22.2743006,114.1739183,,lowered,,
13342259138,node,22.2743041,114.173988,,lowered,,
13342259139,node,22.2743619,114.1740043,,lowered,,
13342444023,node,22.3053715,114.1706596,,flush,,
13342444024,node,22.3053818,114.1705868,,flush,,
13342444025,node,22.3053962,114.1701948,,flush,,
13342444026,node,22.3054106,114.1701294,,flush,,
13342444028,node,22.3055339,114.1697676,,lowered,,
13342444029,node,22.3055458,114.169711,,flush,,
13342444033,node,22.3060847,114.1699062,,flush,,
13342444034,node,22.3060938,114.1698659,,flush,,
13342444037,node,22.3062625,114.1694929,,lowered,,
13342444038,node,22.3062732,114.1694427,,lowered,,
13343079982,node,22.3397053,114.2015878,,lowered,,
13344198791,node,22.3484155,114.0616043,,,yes,
13344198792,node,22.3479116,114.0613916,,,yes,
13344475441,node,22.3090223,114.1687317,,lowered,,
13344475442,node,22.3089671,114.1687171,,lowered,,
13344475443,node,22.3089056,114.1687482,,lowered,,
13344475444,node,22.3088898,114.1688333,,lowered,,
13344475445,node,22.30894,114.168861,,lowered,,
13344475446,node,22.308998,114.1688759,,lowered,,
13344475447,node,22.309021,114.1688574,,lowered,,
13344475448,node,22.3090397,114.1687748,,lowered,,
13344475457,node,22.3091247,114.1679401,,lowered,,
13344475458,node,22.3092584,114.1679514,,lowered,,
13344499363,node,22.2747419,114.1731987,,lowered,,
13344499364,node,22.2747546,114.1733488,,lowered,,
13344612260,node,22.3082988,114.1853144,,lowered,,
13344612261,node,22.3083142,114.1852651,,lowered,,
13357382972,node,22.327541,114.1913868,,lowered,,
13357382974,node,22.3273923,114.19153,,lowered,,
13357382976,node,22.3273751,114.1916945,,lowered,,
13357382977,node,22.3274645,114.19179,,lowered,,
13357382978,node,22.3274768,114.1914452,,lowered,,
13357382979,node,22.3274607,114.1914604,,lowered,,
13357382980,node,22.3274197,114.1917435,,lowered,,
13357382981,node,22.3274347,114.1917592,,lowered,,
13369073713,node,22.4491271,114.0270492,,,yes,
13383454507,node,22.4398793,114.0617263,,flush,,
13383454529,node,22.4399616,114.0618934,,flush,,
13383454531,node,22.4398402,114.0615934,,lowered,,
13383454532,node,22.439871,114.0616322,,lowered,,
13383454533,node,22.4398793,114.0616845,,lowered,,
13383454534,node,22.4398793,114.0617497,,flush,,
13383454535,node,22.439878,114.0618473,,lowered,,
13383454536,node,22.4399086,114.0618943,,lowered,,
13383454537,node,22.4399444,114.061894,,flush,,
13383454538,node,22.4399946,114.0618923,,lowered,,
13387880662,node,22.2805247,114.1508475,,,yes,
13387881546,node,22.280322,114.1511859,,,yes,
13387881548,node,22.2803429,114.1511616,,,yes,
13387881791,node,22.2792739,114.1523655,,lowered,,
13387881792,node,22.2793385,114.152367,,lowered,,
13387881793,node,22.2793818,114.1524067,,lowered,,
13387881794,node,22.2793603,114.1523773,,lowered,,
13387881795,node,22.2792785,114.1519633,,lowered,,
13387993087,node,22.2821159,114.150857,,,yes,
13389904971,node,22.2772067,114.161875,,,yes,
13389936231,node,22.2773978,114.1609857,,,yes,
13389995501,node,22.3399981,114.1992595,,,yes,
13415026713,node,22.3380228,114.187233,,,yes,
13420586624,node,22.2930691,114.2080314,,,yes,
13420683078,node,22.2822035,114.1840426,,lowered,,
13420683079,node,22.2822986,114.1843613,,lowered,,
13426813813,node,22.3005119,114.2337168,,,yes,
13428290330,node,22.3063264,114.2283113,,,yes,
13428290351,node,22.3072857,114.2283799,,,yes,
13446322502,node,22.5016709,114.1282366,,,yes,elevator
13447618007,node,22.2736532,114.1736313,,,yes,
13447618014,node,22.273867,114.1737118,,,yes,
13447618016,node,22.2734939,114.1735139,,,yes,
13483488241,node,22.2485243,114.1666486,,lowered,,
13483488242,node,22.2484786,114.1665579,,flush,,
13512805276,node,22.2957197,114.1734521,,lowered,,
13516788705,node,22.4404136,114.0223844,,lowered,,
13516788706,node,22.4404003,114.0224151,,lowered,,
13516788730,node,22.4405115,114.0221961,,lowered,,
13516788731,node,22.4405539,114.0222111,,lowered,,
13516788736,node,22.4402142,114.022211,,lowered,,
13516788737,node,22.4401822,114.0221966,,lowered,,
13516788744,node,22.4403508,114.0220569,,lowered,,
13516788746,node,22.4403777,114.0220232,,lowered,,
13521906403,node,22.3737216,114.1113243,,lowered,,
13521906407,node,22.3736644,114.1112374,,lowered,,
13521906408,node,22.3735421,114.1111737,,lowered,,
13523868362,node,22.3110568,114.2183794,,,yes,
13540104336,node,22.4380445,114.0226533,,lowered,,
13555718552,node,22.4401836,114.0221224,,lowered,,
13555718553,node,22.4402138,114.0222907,,lowered,,
13555718554,node,22.4402803,114.0220621,,lowered,,
13555718555,node,22.4404373,114.022016,,lowered,,
13555718556,node,22.4405182,114.0221408,,lowered,,
13555718557,node,22.440549,114.0222986,,lowered,,
13555718558,node,22.4403407,114.0224325,,lowered,,
13569683916,node,22.4156603,113.9814717,,lowered,,
13569683917,node,22.4157764,113.9815401,,lowered,,
13569683931,node,22.4159335,113.9814203,,lowered,,
13584323977,node,22.2857089,114.1617286,,lowered,,
13584323998,node,22.2851703,114.1606623,,lowered,,
13584582434,node,22.3730934,114.180835,,,yes,
13585970418,node,22.2931431,114.2078842,,,yes,
13587375421,node,22.3941052,113.9728177,,,yes,
13589756166,node,22.4544425,114.0019659,,flush,,
13592130058,node,22.3258703,114.1783785,,,yes,
13592130059,node,22.3258832,114.1783265,,,yes,
13597540616,node,22.3263126,114.177726,,,yes,
13597540821,node,22.3262699,114.1778211,,,yes,
13597715917,node,22.3026941,114.2721471,,flush,,
13597715918,node,22.3027351,114.2722342,,lowered,,
13597715919,node,22.3027421,114.272249,,lowered,,
13597715920,node,22.3027852,114.2723407,,flush,,
13597715921,node,22.3028314,114.2723875,,lowered,,
13597715922,node,22.3028169,114.2724291,,lowered,,
13597715923,node,22.302857,114.2723635,,lowered,,
13597715924,node,22.3029174,114.2723279,,flush,,
13597715925,node,22.3029347,114.2723176,,flush,,
13597715926,node,22.3029774,114.2722897,,lowered,,
13597715927,node,22.3030224,114.2722508,,lowered,,
13597715928,node,22.3030623,114.2722635,,lowered,,
13597715947,node,22.3037786,114.2736602,,flush,,
13597715948,node,22.303782,114.2736649,,flush,,
13597715949,node,22.3037682,114.2736439,,flush,,
13597715950,node,22.3037903,114.2736749,,flush,,
13597715973,node,22.3058306,114.2746079,,lowered,,
13597715986,node,22.3050365,114.2744968,,flush,,
13597715989,node,22.3050843,114.2745075,,flush,,
13597715996,node,22.3041768,114.2740636,,lowered,,
13597715997,node,22.3040951,114.2741737,,lowered,,
13600670046,node,22.5027061,113.9335488,,,yes,elevator
13601951109,node,22.3243653,114.18012,,,yes,elevator
13601951660,node,22.3242872,114.1801296,,,yes,
13626435742,node,22.4077456,114.2223671,,,yes,
13650083870,node,22.2834923,114.1507869,,lowered,,
13658999611,node,22.3244977,114.1695068,,lowered,,
13658999612,node,22.3245005,114.1695227,,lowered,,
13665029390,node,22.4920076,114.1389545,,,yes,
28069671,way,22.3158954,113.9365511,,,yes,
29552308,way,22.3708233,114.1127178,,,yes,
32559156,way,22.3805998,114.1892631,,,yes,
32559276,way,22.382232,114.1882141,,,yes,
33620549,way,22.3023163,114.1833077,,,yes,
35935730,way,22.3371494,114.1756268,,,yes,
35935737,way,22.3372005,114.175755,,,yes,
37517415,way,22.3213408,114.1725613,,,yes,
37518439,way,22.3730495,114.1784478,,,yes,
37518470,way,22.3731917,114.17846,,,yes,
37518480,way,22.3731048,114.1785452,,,yes,
40430283,way,22.3949493,113.973109,,,yes,
41178206,way,22.4118631,113.9788224,,,yes,
41415576,way,22.3176972,114.1602806,,,yes,
41707454,way,22.4462228,114.0352862,,,yes,
41856916,way,22.4085978,114.222803,,,yes,
41888281,way,22.4175056,114.2257529,,,yes,
41888442,way,22.4291305,114.2438983,,,yes,
42255475,way,22.2782863,114.162498,,,yes,
45725781,way,22.2892187,113.9412602,,,yes,
56752303,way,22.3009939,114.1775972,,,yes,
56754251,way,22.2989293,114.1779371,,,yes,
66467188,way,22.4477032,114.0042584,,,yes,
88008343,way,22.3068856,114.2330793,,,yes,
99148524,way,22.3019301,114.1774401,,,yes,
99981690,way,22.2807853,114.227768,,,yes,
100010202,way,22.2850798,114.2221243,,,yes,
100586676,way,22.3726317,113.9892222,,,yes,
100767988,way,22.3149959,114.1722592,,,yes,
102161576,way,22.3720061,113.9924918,,,yes,
102411832,way,22.318216,114.1686001,,,yes,
102667024,way,22.3727612,113.9912844,,,yes,
103426538,way,22.33801,114.1600103,,,yes,
103947139,way,22.2563571,113.9014266,,,yes,
104251524,way,22.3370634,114.1716731,,,yes,
108849551,way,22.3413793,114.1942585,,,yes,
111706734,way,22.3483217,114.1260592,,,yes,
112427969,way,22.3193081,114.1693742,,,yes,
112557169,way,22.3128042,114.1705813,,,yes,
112659018,way,22.315392,114.0451412,,,yes,
112907937,way,22.2868223,114.1971432,,,yes,
114437465,way,22.3584506,114.1071,,,yes,
117088646,way,22.2801771,114.1708138,,,yes,
117538229,way,22.3215116,114.2131517,,,yes,
120978602,way,22.3246171,114.2283604,,,yes,
121051809,way,22.3207362,114.2294442,,,yes,
121158751,way,22.3170426,114.22801,,,yes,
121158758,way,22.321743,114.2250648,,,yes,
121265573,way,22.3208044,114.2317982,,,yes,
121501851,way,22.3176793,114.2371481,,,yes,
121501861,way,22.3196072,114.233039,,,yes,
125451922,way,22.312366,114.2294709,,,yes,
126392613,way,22.3085523,114.2615478,,,yes,
127382882,way,22.3166245,114.2687626,,,yes,
127382883,way,22.316193,114.2683451,,,yes,
131588972,way,22.451128,114.160946,,,yes,
131588976,way,22.4511943,114.1610245,,,yes,
131640811,way,22.4524973,114.1615862,,,yes,
134410449,way,22.4194904,114.2049325,,,yes,
135269239,way,22.4688735,114.2331978,,,yes,
135311816,way,22.4182023,114.2082874,,,yes,
136845733,way,22.3856854,114.1869326,,,yes,
136845734,way,22.3851114,114.1887524,,,yes,
136991436,way,22.390368,114.2031149,,,yes,
136995433,way,22.4181386,114.2076857,,,yes,footway
137331476,way,22.3734082,114.1829003,,,yes,
137331591,way,22.373272,114.1822733,,,yes,
137340368,way,22.3747667,114.1861755,,,yes,
142662153,way,22.3568437,114.127805,,,yes,
142662154,way,22.3574607,114.1267369,,,yes,
142662159,way,22.3631696,114.1311878,,,yes,
142662165,way,22.358088,114.1276128,,,yes,
144055117,way,22.2796836,113.9313055,,,yes,
144075270,way,22.3680121,114.0594262,,,yes,
144224415,way,22.2012675,114.0197717,,,yes,
144358664,way,22.3633036,114.0459792,,,yes,
144358836,way,22.467381,113.9838271,,,yes,
144758691,way,22.4763947,114.1027488,,,yes,
146471476,way,22.4438817,114.1691613,,,yes,
148018704,way,22.3787232,113.9647463,,,yes,
149418448,way,22.303451,114.1847961,,,yes,
150664414,way,22.4209521,114.2282673,,,yes,
150801673,way,22.3119827,114.1684489,,,yes,residential
151705961,way,22.3359807,114.1588397,,,yes,
157655576,way,22.3823222,114.1964807,,,yes,
158126084,way,22.3406806,114.2023155,,,yes,
158466417,way,22.3375979,114.1877299,,,yes,
158574718,way,22.307362,114.2599197,,,yes,
159044473,way,22.3812642,114.1899451,,,yes,
159467846,way,22.3796637,114.2022149,,,yes,
159467865,way,22.3823388,114.2016376,,,yes,
159543548,way,22.3937369,113.9730588,,,yes,
159543549,way,22.3974079,113.9774269,,,yes,
159543550,way,22.4035241,113.975804,,,yes,
159543551,way,22.3984818,113.9666295,,,yes,
159543552,way,22.4002404,113.9779791,,,yes,
159543554,way,22.4119704,113.9783361,,,yes,
159543556,way,22.4066947,113.9635421,,,yes,
159543557,way,22.4073852,113.972539,,,yes,
159543561,way,22.4038993,113.9704354,,,yes,
159543562,way,22.3968148,113.9728753,,,yes,
159543564,way,22.4078468,113.9770737,,,yes,
159543565,way,22.4026778,113.9719923,,,yes,
159543566,way,22.4023942,113.9748452,,,yes,
159543567,way,22.4051993,113.96447,,,yes,
159543568,way,22.3998339,113.9740838,,,yes,
159543569,way,22.3966963,113.9660421,,,yes,
159543570,way,22.3951326,113.9688889,,,yes,
159543571,way,22.3971465,113.967247,,,yes,
159543572,way,22.4031721,113.9794155,,,yes,
159543573,way,22.4109778,113.9763522,,,yes,
159543574,way,22.4068044,113.9692135,,,yes,
159543575,way,22.4067597,113.9787405,,,yes,
159543576,way,22.39475,113.9767724,,,yes,
159543577,way,22.4077127,113.9664533,,,yes,
159543578,way,22.4014245,113.9677008,,,yes,
159543579,way,22.4119419,113.9784464,,,yes,
159543580,way,22.4003185,113.9745987,,,yes,
159543581,way,22.3974214,113.9775173,,,yes,
159543582,way,22.3939498,113.9731057,,,yes,
159543583,way,22.403501,113.9758937,,,yes,
159543584,way,22.4031374,113.9795034,,,yes,
159543585,way,22.4002127,113.9780619,,,yes,
159543586,way,22.4066359,113.9636184,,,yes,
159543587,way,22.4045882,113.9699881,,,yes,
159543588,way,22.4052996,113.964486,,,yes,
159543589,way,22.3974181,113.9731401,,,yes,
159543590,way,22.4077797,113.9771563,,,yes,
159543591,way,22.4072998,113.9725634,,,yes,
159543592,way,22.4028217,113.9720439,,,yes,
159543593,way,22.4067155,113.9691763,,,yes,
159543594,way,22.3971527,113.9673585,,,yes,
159543598,way,22.4026343,113.9743789,,,yes,
159543600,way,22.4067432,113.9788353,,,yes,
159543601,way,22.3952189,113.9689127,,,yes,
159543605,way,22.4076199,113.9664291,,,yes,
159543608,way,22.4104715,113.9764286,,,yes,
159543616,way,22.3946154,113.976815,,,yes,
159543618,way,22.4014119,113.9678073,,,yes,
159543623,way,22.4123176,113.9781979,,,yes,
159543624,way,22.4045388,113.970247,,,yes,
159543626,way,22.4079338,113.9663482,,,yes,
159543633,way,22.4122118,113.9782587,,,yes,
159543635,way,22.4118372,113.9781445,,,yes,
159543641,way,22.4117817,113.9780361,,,yes,
159548991,way,22.3818367,113.9633263,,,yes,
159548992,way,22.3903774,113.9669692,,,yes,
159548993,way,22.3943542,113.9674083,,,yes,
159548994,way,22.3852861,113.9649911,,,yes,
159548995,way,22.3943553,113.9675134,,,yes,
159548996,way,22.3909066,113.9673213,,,yes,
159548997,way,22.3818153,113.9634281,,,yes,
159548998,way,22.3852474,113.965085,,,yes,
159846789,way,22.3867334,113.9735874,,,yes,
159846791,way,22.378169,113.9617016,,,yes,
159846792,way,22.3913007,113.9748234,,,yes,
159846795,way,22.3751704,113.9611925,,,yes,
159846797,way,22.3752146,113.9668247,,,yes,
159846800,way,22.3833577,113.9729995,,,yes,
159846803,way,22.381245,113.970335,,,yes,
159846805,way,22.3875768,113.9750368,,,yes,
159846809,way,22.384585,113.9749875,,,yes,
159846810,way,22.3781189,113.961775,,,yes,
159846811,way,22.3811725,113.9704298,,,yes,
159846814,way,22.3750663,113.961135,,,yes,
159846815,way,22.3845797,113.9750894,,,yes,
159846817,way,22.383254,113.9729976,,,yes,
159846818,way,22.3875745,113.9751588,,,yes,
159846820,way,22.3752544,113.966912,,,yes,
159846825,way,22.3913188,113.9749043,,,yes,
159846826,way,22.3913472,113.9750198,,,yes,
159846827,way,22.3913632,113.9751114,,,yes,
160262041,way,22.3726465,113.9661038,,,yes,
160262043,way,22.3726131,113.966247,,,yes,
160262047,way,22.3725879,113.9663654,,,yes,
160262049,way,22.3725588,113.9664858,,,yes,
160262051,way,22.3725365,113.9666014,,,yes,
160262054,way,22.3725098,113.9667264,,,yes,
160262057,way,22.3727141,113.9670601,,,yes,
161558798,way,22.418521,113.9816698,,,yes,
161558800,way,22.4401207,114.007078,,,yes,
161558804,way,22.4236341,113.9863338,,,yes,
161558806,way,22.4297174,113.9921867,,,yes,
161558807,way,22.4336882,113.9974322,,,yes,
161558808,way,22.435567,113.9992256,,,yes,
161558813,way,22.4296552,113.9922433,,,yes,
161558815,way,22.4403732,114.0076589,,,yes,
161558816,way,22.4188196,113.9820178,,,yes,
161558820,way,22.4240267,113.9868355,,,yes,
161558822,way,22.4336081,113.9974973,,,yes,
163967084,way,22.4260884,114.2303225,,,yes,
165265326,way,22.5420673,113.9049899,yes,,,steps
165265333,way,22.5420558,113.9042602,yes,,,steps
165265350,way,22.5473351,113.9018708,yes,,,steps
166500961,way,22.4667275,113.9993563,,,yes,
166500962,way,22.4627579,114.0015568,,,yes,
166500963,way,22.465545,114.0028452,,,yes,
166500964,way,22.4654987,114.0029507,,,yes,
166500965,way,22.4695356,114.0024723,,,yes,
166500966,way,22.4645765,113.9976071,,,yes,
166500967,way,22.4697591,114.0007161,,,yes,
166500968,way,22.4667681,113.9992807,,,yes,
166500969,way,22.4695653,114.002582,,,yes,
166500970,way,22.4627594,114.0016721,,,yes,
166500971,way,22.4696866,114.0008023,,,yes,
166500972,way,22.464547,113.9977193,,,yes,
166500973,way,22.466811,113.9992008,,,yes,
166500974,way,22.4669963,113.9988558,,,yes,
166500975,way,22.4670504,113.9987548,,,yes,
166576925,way,22.3325829,114.0288932,,,yes,
166899506,way,22.4525989,114.0062561,,,yes,footway
166899632,way,22.4525098,114.0066592,,,yes,footway
166899732,way,22.457515,114.0049249,,,yes,
166899733,way,22.4598328,114.0019914,,,yes,
166899734,way,22.4620312,113.9969356,,,yes,
166899735,way,22.4527242,114.0059998,,,yes,
166899736,way,22.4549472,114.0056446,,,yes,
166899737,way,22.4597062,113.9995115,,,yes,
166899738,way,22.4575897,114.0049964,,,yes,
166899739,way,22.459995,114.0022594,,,yes,
166899740,way,22.4549197,114.0057451,,,yes,
166899741,way,22.461983,113.9970399,,,yes,
166899742,way,22.4596206,113.9995608,,,yes,
166899743,way,22.4527711,114.0060992,,,yes,
166899744,way,22.459888,114.002318,,,yes,
166899745,way,22.4597736,114.0023761,,,yes,
166899746,way,22.459669,114.0024369,,,yes,
166899747,way,22.4595766,114.0028449,,,yes,
167070800,way,22.455894,113.99933,,,yes,
167070802,way,22.4451083,114.0055374,,,yes,
167070805,way,22.4530483,114.00106,,,yes,
167070806,way,22.4503743,114.002697,,,yes,
167070807,way,22.4495248,114.0058705,,,yes,
167070808,way,22.4494451,114.0059659,,,yes,
167070811,way,22.445154,114.0056295,,,yes,
167070812,way,22.4559486,113.999436,,,yes,
167070813,way,22.4504187,114.0027903,,,yes,
167070814,way,22.4531148,114.0011533,,,yes,
167070816,way,22.4493342,114.0060942,,,yes,
168329391,way,22.4428222,114.0117822,,,yes,
168329394,way,22.4429788,114.0124046,,,yes,
169450794,way,22.3981215,114.2126586,,,yes,
170698530,way,22.2533232,113.8536199,,,yes,
174133698,way,22.4185449,114.2101883,,,yes,
174133703,way,22.4182657,114.2098345,,,yes,
174307325,way,22.4348687,114.2016376,,,yes,
174743091,way,22.4178529,114.2249628,,,yes,
177136214,way,22.3679979,114.114606,,,yes,
178131460,way,22.2498859,114.1564351,,,yes,
178174720,way,22.385554,114.187848,,,yes,
178199569,way,22.370622,114.1176761,,,yes,
182172769,way,22.2829604,114.1364909,,,yes,
182301529,way,22.444594,114.1705571,,,yes,
182301530,way,22.4447418,114.170567,,,yes,
183383622,way,22.2956361,114.2391481,,,yes,
183383886,way,22.2977909,114.2371591,,,yes,
184522126,way,22.2963371,114.2394239,,,yes,
184551440,way,22.3034084,114.179973,,,yes,
184551728,way,22.3048331,114.1805051,,,yes,
185092930,way,22.3320152,114.1682866,,,yes,
185564123,way,22.314456,114.1655751,,,yes,
185736991,way,22.2791688,114.1285759,,,yes,
185736992,way,22.2794453,114.1285886,,,yes,
185736995,way,22.2789228,114.1286876,,,yes,
187110837,way,22.4455222,114.0348659,,,yes,
187110843,way,22.4455933,114.0347843,,,yes,
187110845,way,22.4456598,114.0347253,,,yes,
187110846,way,22.4457252,114.0346629,,,yes,
187110847,way,22.4457884,114.034616,,,yes,
187241986,way,22.4444504,114.0198377,,,yes,
187241987,way,22.444577,114.0238602,,,yes,
187241988,way,22.4445371,114.0289741,,,yes,
187241989,way,22.4445526,114.0266168,,,yes,
187241990,way,22.4444723,114.0204824,,,yes,
187241991,way,22.4444636,114.0273251,,,yes,
187241992,way,22.44443,114.0300285,,,yes,
187241993,way,22.4444838,114.0238604,,,yes,
187405865,way,22.3770272,114.1949872,,,yes,
188010215,way,22.418393,114.2073265,,,yes,footway
188183631,way,22.387656,114.2083191,,,yes,
191372339,way,22.4476821,114.1760879,,,yes,
191372340,way,22.4473467,114.1742572,,,yes,
191372999,way,22.4475854,114.164337,,,yes,
192380975,way,22.4921077,114.1385954,,,yes,
192380991,way,22.4921706,114.138705,,,yes,
192382267,way,22.501222,114.1278432,,,yes,
192382269,way,22.5012882,114.1279944,,,yes,
192579385,way,22.4248197,114.2316139,,,yes,
192899256,way,22.2821752,114.1318021,,,yes,
193128663,way,22.4191611,114.2104473,,,yes,
198547887,way,22.3098373,114.170304,,,yes,
199045543,way,22.2783007,114.1831158,,,yes,
200238639,way,22.278021,114.16962,,,yes,
201122045,way,22.3965767,114.194463,,,yes,
201152974,way,22.4533772,114.0077604,,,yes,footway
201152975,way,22.4526419,114.0076574,,,yes,footway
201152979,way,22.4534257,114.0076227,,,yes,footway
201152980,way,22.4532121,114.0078764,,,yes,footway
201152981,way,22.4521397,114.0078982,,,yes,footway
201907994,way,22.4166644,114.2116831,,,yes,
204545720,way,22.4169323,114.2140516,,,yes,
205358847,way,22.2772899,114.2401784,,,yes,
205659784,way,22.3572424,114.1079053,,,yes,
205719345,way,22.3064922,114.2125346,,,yes,
205752645,way,22.2438292,114.1467679,,,yes,
206303055,way,22.3667057,114.1111923,,,yes,
206316833,way,22.2963817,114.2491145,yes,,,steps
207702704,way,22.3027972,114.1817838,,,yes,
207702707,way,22.302832,114.181274,,,yes,
208232720,way,22.3955877,114.1983546,,,yes,
208232724,way,22.3956017,114.1983294,,,yes,
208232729,way,22.3955947,114.1984398,,,yes,
208232751,way,22.3955822,114.1984619,,,yes,
208237690,way,22.382468,114.1872887,,,yes,
208237691,way,22.3824265,114.1873853,,,yes,
208237692,way,22.3824605,114.1872994,,,yes,
208237693,way,22.3824174,114.1873999,,,yes,
208426141,way,22.302829,114.1813141,,,yes,
208426143,way,22.3028185,114.181456,,,yes,
208426149,way,22.3028137,114.1815092,,,yes,
208551670,way,22.5273291,114.113425,,,yes,
208551674,way,22.527557,114.1137149,,,yes,
208562519,way,22.3918327,113.9767865,,,yes,
208562529,way,22.3911108,113.9768014,,,yes,
208653957,way,22.444698,114.1705635,,,yes,
208653962,way,22.4446283,114.1705591,,,yes,
209977063,way,22.3728394,114.1787563,,,yes,
209977064,way,22.37272,114.1788395,,,yes,
210038916,way,22.3746909,114.1860905,,,yes,
210038917,way,22.3748388,114.1860973,,,yes,
210221564,way,22.3140656,114.2164114,,,yes,
211921146,way,22.4002964,114.202806,,,yes,
211921147,way,22.4003112,114.2027779,,,yes,
213510395,way,22.4215011,114.2098721,,,yes,footway
220343047,way,22.395326,113.9732654,,,yes,
220343048,way,22.4477107,114.025371,,,yes,
220343050,way,22.4460327,114.0352448,,,yes,
220343051,way,22.4118232,113.9788947,,,yes,
220343052,way,22.4118045,113.9789686,,,yes,
220343053,way,22.447635,114.0253713,,,yes,
220343055,way,22.4479473,114.0045419,,,yes,
220343056,way,22.4461055,114.0352449,,,yes,
220343057,way,22.3953467,113.973172,,,yes,
220343058,way,22.4479923,114.0044886,,,yes,
220439504,way,22.331818,114.0286612,,,yes,
220439505,way,22.3316497,114.0288329,,,yes,
223260659,way,22.3484784,114.1260847,,,yes,
223260660,way,22.3485268,114.1261571,,,yes,
223266290,way,22.3482879,114.1260995,,,yes,
223266292,way,22.3482612,114.1260534,,,yes,
223305770,way,22.3043595,114.1800829,,,yes,
223412653,way,22.3852269,113.9660717,,,yes,
223848687,way,22.382999,114.187739,,,yes,
223878120,way,22.5556926,114.1445898,yes,,,steps
224053670,way,22.3113008,114.2285366,,,yes,
225140980,way,22.3027972,114.1816717,,,yes,
225210232,way,22.3027995,114.1816427,,,yes,
226591487,way,22.3190327,114.2281337,,,yes,
226591489,way,22.3184957,114.2281869,,,yes,
226591494,way,22.3224787,114.2273898,,,yes,
226591496,way,22.3197728,114.2277623,,,yes,
228225908,way,22.5666792,114.0576266,yes,,,steps
228227572,way,22.5645324,114.0482837,yes,,,steps
228227574,way,22.5656205,114.0482825,yes,,,steps
230177223,way,22.4215946,114.2099276,,,yes,
230186000,way,22.4188958,114.2103132,,,yes,
230238510,way,22.4192645,114.2068837,,,yes,footway
230238511,way,22.4190392,114.206227,,,yes,
230564290,way,22.3176929,114.1601985,,,yes,
230683401,way,22.4476723,114.0254488,,,yes,
230809061,way,22.3624195,114.1033027,,,yes,
230809062,way,22.3623953,114.1027096,,,yes,
232010574,way,22.3955734,113.9739678,,,yes,
232577470,way,22.3928981,113.9779521,,,yes,
233585861,way,22.3579086,114.1297146,,,yes,
233613322,way,22.3618417,114.1327337,,,yes,
235438725,way,22.3828819,114.2035503,,,yes,
242831571,way,22.3157481,114.2088657,,,yes,
244073527,way,22.4439171,114.1705215,,,yes,
245417350,way,22.3302296,114.1993085,,,yes,
245436989,way,22.4859655,114.1470205,,,yes,
245744461,way,22.5604704,114.0159207,yes,,,steps
245746019,way,22.5612348,114.0243663,yes,,,steps
245746027,way,22.5602543,114.0245972,yes,,,steps
245746037,way,22.5625775,114.0318247,yes,,,steps
246260664,way,22.5603271,113.9525804,yes,,,steps
246260672,way,22.5603283,113.9530821,yes,,,steps
248971549,way,22.2793889,114.1837397,,,yes,
248976077,way,22.2822764,114.1917038,,,yes,
249134775,way,22.4500375,114.1609116,,,yes,
249379579,way,22.3777915,114.130296,,,yes,
249661016,way,22.3155806,114.2643992,,,yes,
251607763,way,22.3049683,114.1614963,,,yes,
251608793,way,22.3045403,114.1664803,,,yes,
251610570,way,22.2891524,113.9413431,,,yes,
251610571,way,22.3264283,114.153751,,,yes,
251610572,way,22.2892214,113.941284,,,yes,
251613604,way,22.3159438,113.936447,,,yes,
251613606,way,22.3159538,113.9364767,,,yes,
251613611,way,22.3159919,113.9366201,,,yes,
251615779,way,22.3155113,114.0452668,,,yes,
252082974,way,22.3177356,114.1603353,,,yes,
253921168,way,22.2883995,114.2087994,,,yes,
253921169,way,22.2884253,114.2088414,,,yes,
253921174,way,22.2881704,114.2085874,,,yes,
253921175,way,22.288108,114.2085934,,,yes,
254296955,way,22.2911892,114.2003839,,,yes,
254296956,way,22.2912062,114.2003787,,,yes,
254296957,way,22.290534,114.2005499,,,yes,
254296958,way,22.2903632,114.2005968,,,yes,
254297772,way,22.2977851,114.2371485,,,yes,
254297773,way,22.2978132,114.2371937,,,yes,
254297776,way,22.2978138,114.2371948,,,yes,
254297781,way,22.2977854,114.237149,,,yes,
256399306,way,22.3135538,114.2649689,,,yes,
256542542,way,22.3555524,114.1063556,,,yes,
257554705,way,22.3592559,114.0186739,,,yes,
259033258,way,22.5217903,113.9584579,,,yes,
260418537,way,22.5629538,114.1611789,yes,,,steps
261805291,way,22.3121613,114.2265083,,,yes,
261805292,way,22.3121114,114.2264746,,,yes,
262536085,way,22.3572617,114.1185495,,,yes,
263310033,way,22.3382971,114.1860123,,,yes,
263472307,way,22.3349933,114.208818,,,yes,
263766426,way,22.2805483,114.1880477,,,yes,
263766428,way,22.2808277,114.1884619,,,yes,
263766430,way,22.2811084,114.1888778,,,yes,
263766432,way,22.2815475,114.1895286,,,yes,
263766434,way,22.2818281,114.1899443,,,yes,
263766436,way,22.2821079,114.190359,,,yes,
263766437,way,22.2822272,114.190748,,,yes,
263766438,way,22.2823062,114.1908664,,,yes,
263766439,way,22.2821219,114.1910097,,,yes,
263766440,way,22.2820421,114.1908909,,,yes,
263985419,way,22.5681019,113.8790347,,,yes,
264462805,way,22.341572,114.1940089,,,yes,
264577188,way,22.3219791,113.942334,,,yes,
266078977,way,22.2828448,114.1881602,,,yes,
266110062,way,22.2840321,114.1895401,,,yes,
266162504,way,22.3780067,114.1364495,,,yes,
269895570,way,22.5503142,114.0567698,,,yes,
270684533,way,22.5569833,114.0264611,,,yes,
272305864,way,22.490465,114.1351823,,,yes,
274121630,way,22.5583713,114.1017805,yes,,,steps
274121642,way,22.5684697,114.093638,yes,,,steps
274121643,way,22.5677916,114.0940597,yes,,,steps
274121644,way,22.5685259,114.0938637,yes,,,steps
276683779,way,22.3824357,113.9766095,,,yes,
276683780,way,22.3825117,113.9767225,,,yes,
276683781,way,22.3828138,113.9766784,,,yes,
282885041,way,22.5305229,114.0405181,yes,,,steps
282885048,way,22.5314081,114.0404473,yes,,,steps
284811732,way,22.5582956,114.0942978,yes,,,steps
284811736,way,22.5586752,114.0942871,yes,,,steps
285452350,way,22.2906548,113.9393331,,,yes,
286393448,way,22.4291995,114.2439866,,,yes,
286393449,way,22.429153,114.2439968,,,yes,
286396361,way,22.4248302,114.2316247,,,yes,
286396362,way,22.4247754,114.2316437,,,yes,
286399702,way,22.4174642,114.225705,,,yes,
286399704,way,22.4174457,114.2257624,,,yes,
286402164,way,22.4087844,114.2228911,,,yes,
286402165,way,22.4087596,114.2229436,,,yes,
286439047,way,22.3876375,114.2082597,,,yes,
286439048,way,22.3875993,114.2083029,,,yes,
290393398,way,22.2834822,114.2708627,,,yes,
290795429,way,22.4221934,114.3519989,,,yes,
292823213,way,22.3089129,114.1743156,,,yes,
293754282,way,22.3396393,114.1799159,,,yes,
296167650,way,22.3319791,114.1683272,,,yes,
296724402,way,22.2859844,114.2160999,,,yes,
297348521,way,22.5556969,114.0912159,yes,,,steps
297892952,way,22.3823473,114.1964482,,,yes,
299215607,way,22.3190259,114.2237542,,,yes,
299215648,way,22.3165086,114.2236663,,,yes,
299215684,way,22.3209146,114.2165519,,,yes,
299215715,way,22.3186426,114.2209817,,,yes,
299215765,way,22.3179693,114.2152746,,,yes,
299215952,way,22.3170426,114.2232791,,,yes,
302643943,way,22.3730587,113.9907671,,,yes,
302740025,way,22.3232055,114.2582526,,,yes,
302740027,way,22.3224695,114.2569118,,,yes,
302740028,way,22.3212184,114.2572547,,,yes,
302740041,way,22.3224913,114.2579029,,,yes,
312192808,way,22.2820005,114.1230997,,,yes,
312376046,way,22.3219044,114.225556,,,yes,
313793526,way,22.3163782,114.2352466,,,yes,
313793536,way,22.3219104,114.230136,,,yes,
316843352,way,22.318239,114.1644179,,,yes,pedestrian
316843353,way,22.3181314,114.1647452,,,yes,pedestrian
316843790,way,22.3160713,114.1662122,,,yes,
316844291,way,22.3156899,114.1670295,,,yes,
321577040,way,22.3247209,114.1564223,,,yes,
322631273,way,22.5281447,113.9911201,,,yes,
323745483,way,22.2738473,114.2404023,,,yes,
325371418,way,22.5306159,113.9732613,,,yes,footway
330499627,way,22.5380438,113.9189803,,,yes,
342112522,way,22.3641997,114.1131862,,,yes,steps
351080015,way,22.3516405,114.0585787,,,yes,
353586819,way,22.3684238,114.1237495,,,yes,
354979579,way,22.3375313,114.1393661,,,yes,
354995749,way,22.3371084,114.1487261,,,yes,
355013183,way,22.3388518,114.1375034,,,yes,
355109678,way,22.3245868,114.1683508,,,yes,
355229153,way,22.4935962,114.1384523,,,yes,
355241162,way,22.3997376,114.1910285,,,yes,
356627725,way,22.4835683,114.1442613,,,yes,
359598786,way,22.317759,114.2158206,,,yes,
362442326,way,22.566417,114.0883977,yes,,,steps
371167792,way,22.4823812,113.9112276,,,yes,
372797623,way,22.4050639,114.1058163,,,yes,
375225322,way,22.444999,114.0410604,,,yes,
376649800,way,22.531345,114.0401839,yes,,,steps
376784107,way,22.5695096,114.0988704,yes,,,steps
387293149,way,22.336659,114.1480857,,,yes,
391176774,way,22.2485823,114.1743684,,,yes,
399176054,way,22.2788688,114.1908373,,,yes,
406123837,way,22.2984331,114.1759711,,,yes,
407503858,way,22.3829069,114.2035236,,,yes,
407503859,way,22.3770559,114.1949668,,,yes,
407503860,way,22.3828662,114.2035684,,,yes,
407503861,way,22.377009,114.1950084,,,yes,
426652688,way,22.2758002,114.172311,,,yes,pedestrian
428509146,way,22.3046653,114.1717464,,,yes,
435180106,way,22.4459771,114.1774726,,,yes,
435199974,way,22.4465954,114.1697019,,,yes,
435442397,way,22.3407488,114.2019212,,,yes,
437135143,way,22.3236587,114.2314219,,,yes,
442160568,way,22.3388959,114.1364367,,,yes,
442160570,way,22.3681217,114.109948,,,yes,
442160574,way,22.3043585,114.1665145,,,yes,
442160578,way,22.2955305,114.1750729,,,yes,
442160582,way,22.4347965,114.0633474,,,yes,
442160585,way,22.326413,114.1538654,,,yes,
442160589,way,22.3265464,114.1539917,,,yes,
442160591,way,22.2955926,114.1750384,,,yes,
442160592,way,22.3043908,114.1665833,,,yes,
442160593,way,22.368298,114.1101345,,,yes,
442160594,way,22.4348553,114.0634443,,,yes,
442160595,way,22.3389072,114.1366757,,,yes,
446811353,way,22.3124034,114.1691943,,,yes,
448058525,way,22.2732522,114.1388543,,,yes,
448229621,way,22.4228121,113.9879326,,,yes,
448419653,way,22.309515,114.1826239,,,yes,
448889715,way,22.2855961,113.9025698,,,yes,
448985634,way,22.3049506,114.1895364,,,yes,
448990203,way,22.3048265,114.1898588,,,yes,
450186763,way,22.3376727,114.1453065,,,yes,
452860134,way,22.4075358,113.971476,,,yes,
453941165,way,22.3139033,114.2168134,,,yes,
453954709,way,22.317924,114.2156348,,,yes,
454133893,way,22.242195,114.1558285,,,yes,
454158470,way,22.2428421,114.1487545,,,yes,
454648300,way,22.3317081,114.0289586,,,yes,
454648301,way,22.3260374,114.1535277,,,yes,
454648302,way,22.2849294,114.1584417,,,yes,
454648303,way,22.2850303,114.1585064,,,yes,
454648304,way,22.326347,114.1538022,,,yes,
457361916,way,22.4595232,114.0027338,,,yes,
457799954,way,22.5022638,114.1617193,,,yes,
462253926,way,22.2487379,114.174331,,,yes,
462253927,way,22.2486218,114.1743969,,,yes,
462253928,way,22.2479107,114.1674998,,,yes,
462253929,way,22.2478695,114.1675103,,,yes,
462253930,way,22.2419289,114.1560444,,,yes,
462253931,way,22.2418968,114.156078,,,yes,
462253932,way,22.2423922,114.1491605,,,yes,
462253933,way,22.2423671,114.1491211,,,yes,
486695555,way,22.3624973,114.103856,,,yes,
503519866,way,22.3825451,114.2164695,,,yes,
505318770,way,22.2839723,114.1905735,,,yes,
505318771,way,22.2841436,114.1907275,,,yes,
505925669,way,22.2547472,113.8590304,,,yes,
506580039,way,22.2531254,113.8539847,,,yes,elevator
521224779,way,22.4881973,113.9111886,,,yes,
536451334,way,22.2837091,114.1345661,,,yes,
544166239,way,22.2880214,114.1558163,,,yes,
549217299,way,22.5394479,113.9947267,,,yes,
557322841,way,22.3882294,114.1983508,yes,,,footway
559369601,way,22.3798525,114.1360446,,,yes,corridor
565253629,way,22.5414777,113.9742806,,,yes,
572938807,way,22.5564452,114.14486,yes,,,steps
572938810,way,22.5563969,114.1448907,,,yes,
573398444,way,22.2865932,114.1520987,,,yes,
573398448,way,22.2864995,114.1520691,,,yes,
573429663,way,22.5243825,113.985868,,,yes,
573429680,way,22.5251635,113.9866403,yes,,,steps
581117553,way,22.5011928,113.9453497,,,yes,
581924334,way,22.2842724,114.1298685,,,yes,
582000082,way,22.5485677,113.9007798,yes,,,steps
582000083,way,22.5479307,113.9012238,yes,,,steps
582000088,way,22.5469078,113.9024738,yes,,,steps
583518394,way,22.2854003,114.144245,,,yes,
586124755,way,22.5566367,113.9520194,yes,,,steps
588864523,way,22.3144353,113.9565448,,,yes,
588864524,way,22.3137097,113.9577539,,,yes,
588878948,way,22.3194336,113.956122,,,yes,
591035975,way,22.2811791,114.1540025,,,yes,
594182494,way,22.2933418,113.9398074,,,yes,
597879260,way,22.3763443,114.1203346,,,yes,
610655783,way,22.4499554,114.1781067,,,yes,
611146825,way,22.4515541,114.1915405,,,yes,
611146826,way,22.4515755,114.1914548,,,yes,
611271831,way,22.4518483,114.1804198,,,yes,
611271856,way,22.4510829,114.1789998,,,yes,
615802463,way,22.469722,114.1491471,,,yes,
619408339,way,22.481515,114.1439375,,,yes,
625227521,way,22.5562756,113.9737056,yes,,,steps
625227524,way,22.5568376,113.9785698,yes,,,steps
627582699,way,22.3094335,114.1645747,,,yes,
629505114,way,22.4977574,114.1407337,,,yes,
629505146,way,22.500185,114.1327278,,,yes,
629505162,way,22.500216,114.1305131,,,yes,
629505170,way,22.4959644,114.1348466,,,yes,
629505182,way,22.4973806,114.1362439,,,yes,
629818907,way,22.5157552,113.8332037,,,yes,
637117387,way,22.2769117,114.1638153,,,yes,
638856640,way,22.5322594,114.0246479,yes,,,steps
638856641,way,22.5321338,114.0244235,yes,,,footway
648423540,way,22.2783685,114.166053,,,yes,
648423541,way,22.278441,114.1659673,,,yes,
656621133,way,22.287128,114.1479258,,,yes,
660914035,way,22.2902599,113.9389179,,,yes,
669377248,way,22.4149507,113.979552,,,yes,
673562855,way,22.539122,113.9625441,,,yes,
675178985,way,22.4172105,113.9905524,,,yes,
675189871,way,22.4699266,114.1968923,yes,,,steps
678564603,way,22.3140959,114.2164107,,,yes,
683927012,way,22.3587055,114.0184545,,,yes,
683927013,way,22.3620617,114.0164102,,,yes,
683994249,way,22.3448354,114.1077351,yes,,,footway
685114427,way,22.3407083,114.1513693,,,yes,
685114454,way,22.3408435,114.1513946,yes,,,footway
691574323,way,22.4969141,114.1477354,,,yes,
693499629,way,22.518171,114.2076791,,,yes,
694005224,way,22.5362962,114.1444466,,,yes,
694530940,way,22.3123179,114.1696458,,,yes,
695922355,way,22.518255,114.1761461,,,yes,
702596905,way,22.2735875,113.9306288,,,yes,
704112192,way,22.5024158,114.1285072,,,yes,
706734004,way,22.2843006,114.1743341,,,yes,
707365830,way,22.5425938,113.9341564,,,yes,footway
710582382,way,22.3258557,114.1738372,,,yes,
712396654,way,22.3403255,114.1948763,,,yes,footway
715442367,way,22.3932123,114.2774542,,,yes,
722495413,way,22.3910364,114.1967419,yes,,,steps
722658614,way,22.4929544,114.1380234,,,yes,
722660297,way,22.5041648,114.1260361,,,yes,
722685082,way,22.5455863,114.1554606,,,yes,
722686939,way,22.5351454,114.1324817,,,yes,
724107013,way,22.2972598,114.1724034,,,yes,
724130073,way,22.2966948,114.1744709,,,yes,
724130074,way,22.2958989,114.1750516,,,yes,
724130075,way,22.2956566,114.1720016,,,yes,
724275064,way,22.5344567,114.1308334,,,yes,
729675951,way,22.3035528,114.1902952,,,yes,footway
737751671,way,22.3756287,114.1269242,,,yes,
739030409,way,22.3694767,114.1794479,,,yes,
741281043,way,22.481387,113.910905,,,yes,
742209564,way,22.2269517,114.1111527,,,yes,
744545267,way,22.3655366,114.0565144,,,yes,
744545616,way,22.3754902,114.1269774,,,yes,
744545618,way,22.3709231,114.1238603,,,yes,
758594196,way,22.2894705,114.2177968,,,yes,
759798951,way,22.5565124,114.0067488,yes,,,steps
761123058,way,22.3471712,114.0597399,,,yes,
761639483,way,22.4473571,114.0339877,,,yes,
765761791,way,22.2907521,113.9400878,,,yes,
766603710,way,22.3824392,114.1388891,,,yes,
767852607,way,22.5327629,114.2002953,,,yes,
770629122,way,22.2475471,114.1548732,,,yes,
770859747,way,22.3331046,114.1619347,,,yes,
772168464,way,22.3639523,114.1708892,,,yes,
772168465,way,22.3639994,114.1707181,,,yes,
772168466,way,22.3304987,114.1993672,,,yes,
775969233,way,22.3188314,114.1555359,,,yes,
776900430,way,22.2808653,114.2303218,,,yes,
777658369,way,22.3234243,114.1621869,,,yes,
777987017,way,22.5046583,114.1000133,,,yes,
779019654,way,22.3901617,113.9193392,,,yes,
779530659,way,22.2774416,114.2374396,,,yes,
780525789,way,22.2942575,114.1732545,,,yes,
781719977,way,22.4961073,114.1040072,,,yes,
784409700,way,22.5109759,114.1109587,,,yes,
791243001,way,22.2994403,114.1574562,,,yes,
795522546,way,22.4398598,114.0943219,,,yes,
795538697,way,22.5373571,114.1466888,,,yes,
795538699,way,22.4998209,114.0987674,,,yes,
795554189,way,22.5350822,114.1627249,,,yes,
795561565,way,22.5275747,114.157299,,,yes,
802408529,way,22.5142476,114.1677996,,,yes,
809421203,way,22.3972897,114.320525,,,yes,
809421210,way,22.4097441,114.0328364,,,yes,
813627604,way,22.5480972,114.2220569,,,yes,
813663012,way,22.3214531,114.1772258,,,yes,
816466449,way,22.3320216,114.1688518,,,yes,
831727047,way,22.288323,114.1566266,,,yes,
832285581,way,22.3604234,114.1059913,,raised,yes,
834532162,way,22.5035737,114.1480741,,,yes,
836975614,way,22.3700125,114.1230278,,,yes,
842065119,way,22.2953736,114.0176254,,,yes,footway
845933930,way,22.5012196,114.1123889,,,yes,
854106127,way,22.3160746,114.2401703,,,yes,
854857224,way,22.5076211,114.1482436,,,yes,
856995408,way,22.2799577,114.189594,,,yes,
865670733,way,22.2802256,114.1694344,,,yes,
866960376,way,22.5382847,114.0185373,yes,,,steps
866960378,way,22.5389759,114.0184408,yes,,,steps
872195824,way,22.2911763,114.2004856,,,yes,
885899662,way,22.4529872,114.0079313,,,yes,footway
885899681,way,22.452562,114.0075644,,,yes,footway
887010897,way,22.5655235,114.0538584,yes,,,steps
887010899,way,22.5643891,114.0539085,yes,,,steps
888593258,way,22.5670037,114.0882826,yes,,,steps
891906801,way,22.4655282,114.0015916,,,yes,
892502492,way,22.4534457,114.0070032,,,yes,footway
892502493,way,22.4534653,114.0071166,,,yes,
892502494,way,22.453527,114.007101,,,yes,
892502495,way,22.4535996,114.0070884,,,yes,
892502506,way,22.453287,114.0069959,,,yes,path
892502507,way,22.453329,114.0070282,,,yes,path
892502520,way,22.4532884,114.0079991,,,yes,footway
892522535,way,22.4529061,114.0066084,,,yes,footway
892522536,way,22.4529242,114.0065686,,,yes,footway
892522537,way,22.4529265,114.006554,,,yes,footway
892522538,way,22.4528958,114.0066443,,,yes,path
895215318,way,22.3123348,114.1696567,,,yes,
898471121,way,22.2833271,114.137802,,,yes,
916428916,way,22.5331829,113.9892412,,,yes,footway
916428917,way,22.5290331,113.9811344,,,yes,footway
916428929,way,22.529745,113.9849593,,,yes,footway
916428930,way,22.5303549,113.9884404,,,yes,footway
925502313,way,22.3407374,114.1514539,yes,,,footway
925502314,way,22.3407563,114.1514465,yes,,,footway
928032163,way,22.3572702,114.1185633,,,yes,
937724969,way,22.3708444,114.1069885,,,yes,
940358637,way,22.3672822,114.1317723,,,yes,elevator
946875533,way,22.3373745,114.1483313,,,yes,
950181622,way,22.3454943,114.2056006,,,yes,
951985956,way,22.3908148,113.9701033,,,yes,
952377006,way,22.3822439,114.188177,,,yes,
958446609,way,22.3030371,114.1823433,,,yes,
958446610,way,22.3030501,114.1821782,,,yes,
958463314,way,22.3030438,114.1822643,,,yes,
958515066,way,22.3684436,114.110051,,raised,yes,platform
958605474,way,22.3282532,114.1898508,,,yes,footway
958605475,way,22.3277504,114.1898074,,,yes,footway
958605476,way,22.3270668,114.1897055,,,yes,footway
958605477,way,22.3265121,114.1902527,,,yes,footway
962218821,way,22.3578849,114.1051739,,,yes,
962816496,way,22.5436346,113.9537899,yes,,,steps
964502749,way,22.2242495,114.2146931,,,yes,
965126444,way,22.5419384,114.1368097,,,yes,
965343484,way,22.2898162,113.9400743,,,yes,
966966369,way,22.3641566,114.1131187,,,yes,footway
966966370,way,22.3642091,114.1132284,,,yes,footway
970662761,way,22.3258962,114.1913268,,,yes,
984787423,way,22.2637427,114.235986,,,yes,
991890958,way,22.4939846,113.9240701,yes,,,steps
997735040,way,22.3709155,114.1183833,,,yes,
1017141388,way,22.5553412,113.9480396,yes,,,steps
1017141406,way,22.5563274,113.9480119,yes,,,steps
1021682332,way,22.552299,113.9538167,yes,,,steps
1025842570,way,22.5520163,113.8735865,,,yes,
1052378304,way,22.3166248,114.1875409,,,yes,
1055599630,way,22.4665435,114.0017983,,,yes,
1056840860,way,22.2817448,114.1761851,,,yes,
1059587565,way,22.3143307,114.2098531,,,yes,
1060045012,way,22.3030293,114.1823069,,,yes,
1060045013,way,22.3030356,114.1822059,,,yes,
1060045014,way,22.3030331,114.1822612,,,yes,
1060045015,way,22.2816493,114.1757962,,,yes,
1060045016,way,22.2816502,114.1757967,,,yes,
1060045017,way,22.2816039,114.1757933,,,yes,
1060045018,way,22.2816049,114.1757938,,,yes,
1060045019,way,22.2784183,114.1657866,,,yes,
1060045020,way,22.2784402,114.166265,,,yes,
1060045022,way,22.278407,114.1658,,,yes,steps
1060045023,way,22.2784506,114.1662523,,,yes,steps
1063326600,way,22.3625077,114.1142105,,,yes,platform
1063326601,way,22.3626083,114.1140883,,,yes,platform
1063326611,way,22.362586,114.1140044,,,yes,footway
1063723384,way,22.2833306,114.2702867,,,yes,
1064367376,way,22.3537638,114.1088114,,lowered,yes,
1066698354,way,22.3642253,114.1132189,,,yes,footway
1066698355,way,22.3641363,114.1131561,,,yes,footway
1067577422,way,22.2796953,114.1638483,,,yes,
1068805965,way,22.4563549,114.1675264,yes,,yes,steps
1068805968,way,22.4563409,114.1675384,,,yes,footway
1069239648,way,22.4333043,114.070929,,,yes,
1077659336,way,22.3899913,114.2030486,,,yes,
1080054085,way,22.3883518,114.1983946,yes,,,footway
1080054087,way,22.3881523,114.1984273,yes,,,footway
1080054088,way,22.3881599,114.1985016,yes,,,footway
1088820731,way,22.3822376,114.2741946,yes,,,steps
1088820744,way,22.385545,114.2746711,,,yes,
1095379565,way,22.3915718,114.2074906,,,yes,
1104585593,way,22.317097,114.1560173,,,yes,
1116206859,way,22.5075755,114.1235622,,,yes,
1116501244,way,22.5044637,114.117703,,,yes,
1117069419,way,22.5105753,114.1255347,,,yes,
1118017811,way,22.509464,114.1244669,,,yes,
1120844207,way,22.2694131,114.1664035,,,yes,service
1151526439,way,22.5313862,114.0402139,yes,,,steps
1151526440,way,22.5313759,114.0404785,yes,,,steps
1151531373,way,22.5305534,114.040538,yes,,,steps
1156947599,way,22.3216911,114.1561637,,,yes,
1160101386,way,22.3390602,114.1877785,,,yes,
1174964866,way,22.2776151,114.2305018,,,yes,
1183878105,way,22.2824457,114.1583207,yes,,,steps
1187535259,way,22.332048,114.0287132,,,yes,footway
1187954281,way,22.3400796,114.1391251,,,yes,footway
1187954288,way,22.3385375,114.1382116,,,yes,footway
1187954295,way,22.3400577,114.1388956,,,yes,footway
1187954296,way,22.3402007,114.1389385,,,yes,footway
1194667425,way,22.4271962,114.2321173,,,yes,
1196040296,way,22.5081774,114.1360506,,,yes,
1197599864,way,22.3974599,114.2015552,,,yes,steps
1204354600,way,22.2759573,114.1559017,,,yes,
1205410061,way,22.3312801,114.226274,,,yes,corridor
1208847326,way,22.2874807,114.1431101,,,yes,
1209281033,way,22.3730962,114.1220417,,,yes,
1211757933,way,22.5104761,114.1790764,,,yes,
1213533377,way,22.5274654,114.2614668,,,yes,
1214841790,way,22.4311869,114.2561152,,,yes,
1216000748,way,22.5598539,113.9648636,yes,,,steps
1217927211,way,22.340131,114.138819,,,yes,footway
1218658245,way,22.3576573,114.2497589,,,yes,
1221006218,way,22.5389036,114.0180046,yes,,,steps
1221922639,way,22.3969565,114.3206058,,,yes,
1223186675,way,22.2931038,114.2034323,,,yes,
1225394823,way,22.2605984,114.1354073,,,yes,
1225394824,way,22.2605597,114.1352835,,,yes,
1237382698,way,22.305016,114.1907926,,,yes,
1251138424,way,22.3128005,114.2081445,,,yes,
1251172461,way,22.2512632,114.1365152,,,yes,
1252218812,way,22.3963813,114.1942424,,,yes,
1254541548,way,22.3310325,114.1977076,,,yes,
1256782430,way,22.2834832,113.9351709,,,yes,footway
1257484766,way,22.5594059,113.9857765,yes,,,steps
1258955201,way,22.2827151,114.1917115,,,yes,
1258961127,way,22.4242632,114.2317653,,,yes,
1264391905,way,22.3133443,114.2657473,,,yes,
1269012683,way,22.2467759,114.2465866,,,yes,
1269310462,way,22.5262275,114.0556724,,,yes,
1272632479,way,22.3904398,113.9710741,,,yes,
1278171540,way,22.356453,114.1280468,,,yes,
1281981930,way,22.3508528,114.1270176,,,yes,service
1286950631,way,22.316987,114.1565087,,,yes,
1291689290,way,22.3986812,113.9699925,,,yes,
1292283557,way,22.393043,113.9692584,,,yes,
1295616877,way,22.4038653,113.979793,,,yes,elevator
1296700950,way,22.2838249,114.1495079,,,yes,footway
1313132982,way,22.2867141,114.1492379,,,yes,
1314555092,way,22.2435407,114.1594834,,,yes,
1319996433,way,22.2812064,114.2279048,,,yes,
1326226144,way,22.2863254,114.1446085,,,yes,
1326289824,way,22.3917098,113.9767717,,,yes,
1328456761,way,22.3227152,114.1958044,,,yes,
1329887353,way,22.5274049,114.1135094,,,yes,
1330091697,way,22.2865439,114.2128976,,,yes,elevator
1334365717,way,22.2882233,114.1929092,,,yes,
1334643725,way,22.2053884,114.0288394,,,yes,
1337663583,way,22.3251997,114.1908093,,,yes,
1337663584,way,22.3238516,114.1897708,,,yes,
1337663585,way,22.3245335,114.1901712,,,yes,construction
1338269638,way,22.4017805,113.9756159,,,yes,
1342631133,way,22.381996,114.1892794,,,yes,
1343494483,way,22.545796,114.0206692,,,yes,footway
1343499313,way,22.5446295,114.0190315,,,yes,footway
1343499326,way,22.5447215,114.0176325,,,yes,footway
1343499327,way,22.5459281,114.0167436,,,yes,footway
1343499328,way,22.5455021,114.0169369,,,yes,footway
1343499330,way,22.5461315,114.0166427,,,yes,footway
1343499331,way,22.5469255,114.0161337,,,yes,footway
1343499344,way,22.5478348,114.015566,,,yes,footway
1343499345,way,22.5507982,114.0144144,,,yes,footway
1343531497,way,22.5476022,114.0205219,,,yes,footway
1343531523,way,22.5543424,114.0150156,,,yes,footway
1343531524,way,22.5544077,114.0129502,,,yes,footway
1359018641,way,22.2823262,114.12357,,,yes,
1360643613,way,22.3368745,114.1767367,,,yes,
1362559732,way,22.3245868,114.1682749,,,yes,
1369666847,way,22.3427682,114.1243708,,,yes,
1370877178,way,22.4478878,114.0276616,,,yes,
1377061212,way,22.5677336,114.0938374,yes,,,steps
1377077725,way,22.5488594,114.0912888,yes,,,steps
1377077726,way,22.5488403,114.0913101,yes,,,steps
1377077729,way,22.5489309,114.0909624,yes,,,steps
1377077730,way,22.548946,114.0909414,yes,,,steps
1381850521,way,22.3811068,114.1880852,,,yes,
1386000237,way,22.5547467,114.0947902,yes,,,steps
1386000241,way,22.5545058,114.0947938,yes,,,steps
1386015595,way,22.5609585,114.0835371,yes,,,steps
1386015596,way,22.561271,114.0829835,yes,,,steps
1391842860,way,22.2869178,114.132935,,,yes,footway
1393285835,way,22.3553685,114.1281407,,,yes,footway
1393285838,way,22.3552163,114.1281263,,,yes,footway
1393285839,way,22.3553197,114.1282106,,,yes,footway
1393285840,way,22.3553583,114.1281552,,,yes,footway
1393774115,way,22.5598017,114.06808,,,yes,footway
1411977076,way,22.5665227,114.1080451,yes,,,steps
1413368454,way,22.5598434,114.0681938,,,yes,footway
1415166820,way,22.3049118,114.1616615,,,yes,
1415166825,way,22.3049683,114.1614963,,,yes,
1415842575,way,22.5409788,113.8855244,,,yes,
1416740872,way,22.3860849,114.202437,,,yes,
1418224555,way,22.3656126,114.1768245,,,yes,
1420850814,way,22.4316068,114.0836228,,,yes,
1424342877,way,22.278309,114.1831116,,,yes,
1424958646,way,22.3050257,114.1794227,,,yes,corridor
1424958649,way,22.3051168,114.1793827,,,yes,corridor
1424958650,way,22.3050295,114.1792476,,,yes,corridor
1424958651,way,22.3051077,114.179189,,,yes,corridor
1426314378,way,22.5617365,113.97998,yes,,,steps
1433191587,way,22.2871882,114.133111,,,yes,corridor
1434392991,way,22.5198927,113.9329359,,,yes,corridor
1434392992,way,22.5200886,113.9341752,,,yes,corridor
1434392993,way,22.520185,113.9333986,,,yes,corridor
1434392994,way,22.5201749,113.9334875,,,yes,corridor
1434392995,way,22.5201653,113.9335708,,,yes,corridor
1442096953,way,22.3391652,114.2022165,,,yes,
1445693310,way,22.2996104,114.1587508,,,yes,
1446736068,way,22.5691289,113.9893876,yes,,,path
1448443553,way,22.5019514,114.148461,,,yes,
1451359250,way,22.5525056,113.9453566,,,yes,
1454136479,way,22.2775723,114.1611838,,,yes,
1459985933,way,22.5595017,114.009225,yes,,,steps
1459985935,way,22.5592408,114.0093303,yes,,,steps
1459985936,way,22.5589902,114.0095762,yes,,,steps
1459985938,way,22.5590681,114.0094464,yes,,,steps
1460002708,way,22.3535177,114.1171897,,,yes,
1460004128,way,22.5605435,114.0139078,yes,,,steps
1460004130,way,22.5604354,114.0133948,yes,,,steps
1460004141,way,22.5612816,114.0245913,yes,,,steps
1460004154,way,22.5626213,114.0321057,yes,,,steps
1463754399,way,22.3071742,114.2276901,,,yes,footway
1463889194,way,22.3075447,114.2282029,,,yes,footway
1463889204,way,22.3073304,114.2283827,,,yes,footway
1466479041,way,22.3120494,114.2297239,,,yes,footway
1466752804,way,22.3816704,114.188966,,,yes,
1466760430,way,22.3816999,114.188608,,,yes,
1466762688,way,22.3819121,114.1884211,,,yes,
1472770046,way,22.380209,113.9776836,,,yes,
1473413319,way,22.558428,114.1076228,yes,,,steps
1473413321,way,22.5589544,114.1076941,yes,,,steps
1473413324,way,22.5590083,114.1079362,yes,,,steps
1473422633,way,22.5587979,114.102015,yes,,,steps
1473776527,way,22.5663593,114.088159,yes,,,steps
1474579870,way,22.5577775,114.0274479,yes,,,steps
1474579874,way,22.5579622,114.0277985,yes,,,steps
1474579884,way,22.5603007,114.0248561,yes,,,steps
1475299798,way,22.5141796,113.9406681,yes,,,path
1475299808,way,22.5223718,113.9552211,yes,,,path
1479236841,way,22.3729954,113.9087425,,,yes,
1482343742,way,22.5558534,114.1506036,yes,,,steps
1482360559,way,22.5575716,114.1537585,yes,,,steps
1483306608,way,22.3248785,114.1830211,,,yes,footway
1483306643,way,22.3247692,114.1829387,,,yes,footway
1483823676,way,22.2883577,114.1565727,,,yes,
1483823677,way,22.2881378,114.157497,,,yes,
1483823678,way,22.2879086,114.158405,,,yes,
1483823679,way,22.2876566,114.1593404,,,yes,
1483823680,way,22.2873752,114.160248,,,yes,
